,MouseID,Tissue,Treatment,Age,Class,Frequency
0,YM13-MS,C,NT,Young,Total_SNV_Freq,6.9601951375495e-07
1,YM14-MS,C,NT,Young,Total_SNV_Freq,9.1694953493599e-07
2,YM3-MS,C,NT,Young,Total_SNV_Freq,8.2255906333145e-07
3,YM5-MS,C,NT,Young,Total_SNV_Freq,1.02040531990668e-06
4,YM7-MS,C,NT,Young,Total_SNV_Freq,8.1035749823131e-07
5,YM13-MS,RC,NT,Young,Total_SNV_Freq,1.42191168819972e-06
6,YM14-MS,RC,NT,Young,Total_SNV_Freq,1.16580198223116e-06
7,YM3-MS,RC,NT,Young,Total_SNV_Freq,1.32500760388739e-06
8,YM5-MS,RC,NT,Young,Total_SNV_Freq,1.54280906087737e-06
9,YM7-MS,RC,NT,Young,Total_SNV_Freq,1.43542835942684e-06
10,YM13-MS,He,NT,Young,Total_SNV_Freq,1.1347784065436e-06
11,YM14-MS,He,NT,Young,Total_SNV_Freq,1.51440154496435e-06
12,YM3-MS,He,NT,Young,Total_SNV_Freq,7.870008623386e-07
13,YM5-MS,He,NT,Young,Total_SNV_Freq,9.6014191089471e-07
14,YM7-MS,He,NT,Young,Total_SNV_Freq,1.37056796881034e-06
15,YM13-MS,Hi,NT,Young,Total_SNV_Freq,8.0029816060709e-07
16,YM14-MS,Hi,NT,Young,Total_SNV_Freq,1.0213520287917e-06
17,YM3-MS,Hi,NT,Young,Total_SNV_Freq,1.05959203153753e-06
18,YM5-MS,Hi,NT,Young,Total_SNV_Freq,1.06709784869593e-06
19,YM7-MS,Hi,NT,Young,Total_SNV_Freq,1.073544269612e-06
20,YM13-MS,K,NT,Young,Total_SNV_Freq,2.61084363769781e-06
21,YM14-MS,K,NT,Young,Total_SNV_Freq,2.5666775212287e-06
22,YM3-MS,K,NT,Young,Total_SNV_Freq,2.2881885644482e-06
23,YM5-MS,K,NT,Young,Total_SNV_Freq,2.06706712822154e-06
24,YM7-MS,K,NT,Young,Total_SNV_Freq,2.41654294614388e-06
25,YM13-MS,L,NT,Young,Total_SNV_Freq,1.60061187246037e-06
26,YM14-MS,L,NT,Young,Total_SNV_Freq,1.64915820469568e-06
27,YM3-MS,L,NT,Young,Total_SNV_Freq,1.56460375108359e-06
28,YM5-MS,L,NT,Young,Total_SNV_Freq,1.43954816478355e-06
29,YM7-MS,L,NT,Young,Total_SNV_Freq,1.59759148048162e-06
30,YM13-MS,M,NT,Young,Total_SNV_Freq,1.02995161705342e-06
31,YM14-MS,M,NT,Young,Total_SNV_Freq,9.0511013001561e-07
32,YM3-MS,M,NT,Young,Total_SNV_Freq,7.6673083204483e-07
33,YM5-MS,M,NT,Young,Total_SNV_Freq,1.15693102206204e-06
34,YM7-MS,M,NT,Young,Total_SNV_Freq,7.2682605123621e-07
35,YM13-MS,R,NT,Young,Total_SNV_Freq,7.7886798439239e-07
36,YM14-MS,R,NT,Young,Total_SNV_Freq,1.11816785372322e-06
37,YM3-MS,R,NT,Young,Total_SNV_Freq,1.20079403751838e-06
38,YM5-MS,R,NT,Young,Total_SNV_Freq,1.0215788242387e-06
39,YM7-MS,R,NT,Young,Total_SNV_Freq,1.34421495358483e-06
40,JW24-LF,C,NT,Old,Total_SNV_Freq,2.26709038356937e-06
41,JW24-NP,C,NT,Old,Total_SNV_Freq,1.6597000694231e-06
42,JW24-R,C,NT,Old,Total_SNV_Freq,2.31123628166691e-06
43,JW26-NP,C,NT,Old,Total_SNV_Freq,1.98994284062356e-06
44,OM7-MS,C,NT,Old,Total_SNV_Freq,1.82201898857138e-06
45,OM8-MS,C,NT,Old,Total_SNV_Freq,2.12276509541599e-06
46,JW24-LF,RC,NT,Old,Total_SNV_Freq,2.4816923315707e-06
47,JW24-NP,RC,NT,Old,Total_SNV_Freq,3.50845256191304e-06
48,JW24-R,RC,NT,Old,Total_SNV_Freq,4.04436350164205e-06
49,JW26-NP,RC,NT,Old,Total_SNV_Freq,4.22670626952314e-06
50,OM7-MS,RC,NT,Old,Total_SNV_Freq,4.65918685774956e-06
51,OM8-MS,RC,NT,Old,Total_SNV_Freq,4.58604119853939e-06
52,JW24-LF,He,NT,Old,Total_SNV_Freq,1.59668071330898e-06
53,JW24-NP,He,NT,Old,Total_SNV_Freq,1.79846526120828e-06
54,JW24-R,He,NT,Old,Total_SNV_Freq,1.77226739371397e-06
55,JW26-NP,He,NT,Old,Total_SNV_Freq,1.83228870567806e-06
56,OM7-MS,He,NT,Old,Total_SNV_Freq,1.50864724228698e-06
57,OM8-MS,He,NT,Old,Total_SNV_Freq,1.94349247054576e-06
58,JW24-LF,Hi,NT,Old,Total_SNV_Freq,2.94145285180521e-06
59,JW24-NP,Hi,NT,Old,Total_SNV_Freq,3.14200610805987e-06
60,JW24-R,Hi,NT,Old,Total_SNV_Freq,3.05089289447784e-06
61,JW26-NP,Hi,NT,Old,Total_SNV_Freq,3.16444270367473e-06
62,OM7-MS,Hi,NT,Old,Total_SNV_Freq,3.02703290068754e-06
63,OM8-MS,Hi,NT,Old,Total_SNV_Freq,2.85133461417045e-06
64,JW24-LF,K,NT,Old,Total_SNV_Freq,7.09867978224785e-06
65,JW24-NP,K,NT,Old,Total_SNV_Freq,6.78037929231517e-06
66,JW24-R,K,NT,Old,Total_SNV_Freq,5.82501872547018e-06
67,JW26-NP,K,NT,Old,Total_SNV_Freq,6.47151761829188e-06
68,OM7-MS,K,NT,Old,Total_SNV_Freq,7.36064036944777e-06
69,OM8-MS,K,NT,Old,Total_SNV_Freq,6.22741253160016e-06
70,JW24-LF,L,NT,Old,Total_SNV_Freq,5.39097291638587e-06
71,JW24-NP,L,NT,Old,Total_SNV_Freq,3.90209975567222e-06
72,JW24-R,L,NT,Old,Total_SNV_Freq,4.0410210959484e-06
73,JW26-NP,L,NT,Old,Total_SNV_Freq,3.81203499716581e-06
74,OM7-MS,L,NT,Old,Total_SNV_Freq,4.40862866396017e-06
75,OM8-MS,L,NT,Old,Total_SNV_Freq,4.99115771640829e-06
76,JW24-LF,M,NT,Old,Total_SNV_Freq,1.85409079935365e-06
77,JW24-NP,M,NT,Old,Total_SNV_Freq,1.67603250263921e-06
78,JW24-R,M,NT,Old,Total_SNV_Freq,2.73139181460218e-06
79,JW26-NP,M,NT,Old,Total_SNV_Freq,2.45519232416335e-06
80,OM7-MS,M,NT,Old,Total_SNV_Freq,1.9484456015421e-06
81,OM8-MS,M,NT,Old,Total_SNV_Freq,2.85554947227648e-06
82,JW24-LF,R,NT,Old,Total_SNV_Freq,3.45602981407905e-06
83,JW24-NP,R,NT,Old,Total_SNV_Freq,3.20540397662766e-06
84,JW24-R,R,NT,Old,Total_SNV_Freq,3.20965665845074e-06
85,JW26-NP,R,NT,Old,Total_SNV_Freq,3.76998161876135e-06
86,OM7-MS,R,NT,Old,Total_SNV_Freq,3.02405580390977e-06
87,OM8-MS,R,NT,Old,Total_SNV_Freq,2.96667026223038e-06
88,OM3-MS-P,B,perf,Old,Total_SNV_Freq,3.06292467658219e-06
89,OM4-MS-P,B,perf,Old,Total_SNV_Freq,3.20297810738159e-06
90,OM6-MS-P,B,perf,Old,Total_SNV_Freq,2.90267567757646e-06
91,OM3-MS-P,C,perf,Old,Total_SNV_Freq,1.72387804539322e-06
92,OM4-MS-P,C,perf,Old,Total_SNV_Freq,2.74438029201403e-06
93,OM6-MS-P,C,perf,Old,Total_SNV_Freq,2.34493928801092e-06
94,OM3-MS-P,Hi,perf,Old,Total_SNV_Freq,3.04385823235623e-06
95,OM4-MS-P,Hi,perf,Old,Total_SNV_Freq,3.31359468372549e-06
96,OM6-MS-P,Hi,perf,Old,Total_SNV_Freq,2.16619919636718e-06
97,OM3-MS-P,K,perf,Old,Total_SNV_Freq,6.15870529752381e-06
98,OM4-MS-P,K,perf,Old,Total_SNV_Freq,5.86914383850304e-06
99,OM6-MS-P,K,perf,Old,Total_SNV_Freq,8.34298656073649e-06
100,OM3-MS-P,L,perf,Old,Total_SNV_Freq,4.0296529668144e-06
101,OM4-MS-P,L,perf,Old,Total_SNV_Freq,4.72755836900797e-06
102,OM6-MS-P,L,perf,Old,Total_SNV_Freq,4.88505763788184e-06
103,OM3-MS-P,M,perf,Old,Total_SNV_Freq,2.07592888137923e-06
104,OM4-MS-P,M,perf,Old,Total_SNV_Freq,1.7981819686262e-06
105,OM6-MS-P,M,perf,Old,Total_SNV_Freq,1.75426576415904e-06
106,JW21-NP,C,SS31,Old,Total_SNV_Freq,2.32654379858293e-06
107,JW21-R,C,SS31,Old,Total_SNV_Freq,1.72659882293145e-06
108,JW22-LF,C,SS31,Old,Total_SNV_Freq,1.88144072196118e-06
109,JW22-NP,C,SS31,Old,Total_SNV_Freq,2.51336508062509e-06
110,JW55-RB,C,SS31,Old,Total_SNV_Freq,1.57450928470723e-06
111,JW21-NP,RC,SS31,Old,Total_SNV_Freq,3.38649134353709e-06
112,JW21-R,RC,SS31,Old,Total_SNV_Freq,5.50020242901881e-06
113,JW22-LF,RC,SS31,Old,Total_SNV_Freq,3.02570236556243e-06
114,JW22-NP,RC,SS31,Old,Total_SNV_Freq,3.48451493157377e-06
115,JW55-RB,RC,SS31,Old,Total_SNV_Freq,4.43915132305006e-06
116,JW21-NP,He,SS31,Old,Total_SNV_Freq,1.24343123505837e-06
117,JW21-R,He,SS31,Old,Total_SNV_Freq,1.37523941766228e-06
118,JW22-LF,He,SS31,Old,Total_SNV_Freq,1.51888277944974e-06
119,JW22-NP,He,SS31,Old,Total_SNV_Freq,1.54510573656526e-06
120,JW55-RB,He,SS31,Old,Total_SNV_Freq,1.19162210161138e-06
121,JW21-NP,Hi,SS31,Old,Total_SNV_Freq,2.58887076257257e-06
122,JW21-R,Hi,SS31,Old,Total_SNV_Freq,2.9480037558914e-06
123,JW22-LF,Hi,SS31,Old,Total_SNV_Freq,3.09333648227914e-06
124,JW22-NP,Hi,SS31,Old,Total_SNV_Freq,3.11290463295369e-06
125,JW55-RB,Hi,SS31,Old,Total_SNV_Freq,2.77458540966011e-06
126,JW21-NP,K,SS31,Old,Total_SNV_Freq,6.61276799507684e-06
127,JW21-R,K,SS31,Old,Total_SNV_Freq,5.47282547807759e-06
128,JW22-LF,K,SS31,Old,Total_SNV_Freq,6.37505896159191e-06
129,JW22-NP,K,SS31,Old,Total_SNV_Freq,6.00937588107934e-06
130,JW55-RB,K,SS31,Old,Total_SNV_Freq,4.67342706176951e-06
131,JW21-NP,L,SS31,Old,Total_SNV_Freq,4.52721878084411e-06
132,JW21-R,L,SS31,Old,Total_SNV_Freq,4.31968264961276e-06
133,JW22-LF,L,SS31,Old,Total_SNV_Freq,4.67801190343584e-06
134,JW22-NP,L,SS31,Old,Total_SNV_Freq,3.70403985389461e-06
135,JW55-RB,L,SS31,Old,Total_SNV_Freq,4.90556400053138e-06
136,JW21-NP,M,SS31,Old,Total_SNV_Freq,1.44220862648415e-06
137,JW21-R,M,SS31,Old,Total_SNV_Freq,1.73811161792313e-06
138,JW22-LF,M,SS31,Old,Total_SNV_Freq,1.79541537848238e-06
139,JW22-NP,M,SS31,Old,Total_SNV_Freq,1.93227932985127e-06
140,JW55-RB,M,SS31,Old,Total_SNV_Freq,1.62275808217155e-06
141,JW21-NP,R,SS31,Old,Total_SNV_Freq,4.08555085117345e-06
142,JW21-R,R,SS31,Old,Total_SNV_Freq,3.39237733129963e-06
143,JW22-LF,R,SS31,Old,Total_SNV_Freq,2.44865047667006e-06
144,JW22-NP,R,SS31,Old,Total_SNV_Freq,2.86589121165596e-06
145,JW55-RB,R,SS31,Old,Total_SNV_Freq,2.78516558263285e-06
146,JW27-LB,C,NMN,Old,Total_SNV_Freq,2.30855216107305e-06
147,JW29-R,C,NMN,Old,Total_SNV_Freq,2.14197629976073e-06
148,JW30-LF,C,NMN,Old,Total_SNV_Freq,2.04926821278023e-06
149,JW27-LB,RC,NMN,Old,Total_SNV_Freq,4.41674747947669e-06
150,JW29-R,RC,NMN,Old,Total_SNV_Freq,4.44692806769898e-06
151,JW30-LF,RC,NMN,Old,Total_SNV_Freq,3.62543700123086e-06
152,JW27-LB,He,NMN,Old,Total_SNV_Freq,1.18965401730508e-06
153,JW29-R,He,NMN,Old,Total_SNV_Freq,1.44353329409282e-06
154,JW30-LF,He,NMN,Old,Total_SNV_Freq,1.45317334672793e-06
155,JW27-LB,Hi,NMN,Old,Total_SNV_Freq,3.154389342934e-06
156,JW29-R,Hi,NMN,Old,Total_SNV_Freq,3.16084333094344e-06
157,JW30-LF,Hi,NMN,Old,Total_SNV_Freq,2.80972698778973e-06
158,JW27-LB,K,NMN,Old,Total_SNV_Freq,7.51476812861092e-06
159,JW29-R,K,NMN,Old,Total_SNV_Freq,6.31208045662812e-06
160,JW30-LF,K,NMN,Old,Total_SNV_Freq,5.62562634752634e-06
161,JW27-LB,L,NMN,Old,Total_SNV_Freq,3.44061584744878e-06
162,JW29-R,L,NMN,Old,Total_SNV_Freq,4.00655943808704e-06
163,JW30-LF,L,NMN,Old,Total_SNV_Freq,4.46590002297416e-06
164,JW27-LB,M,NMN,Old,Total_SNV_Freq,1.7023398015009e-06
165,JW29-R,M,NMN,Old,Total_SNV_Freq,1.74035689290717e-06
166,JW30-LF,M,NMN,Old,Total_SNV_Freq,1.64111619350509e-06
167,JW27-LB,R,NMN,Old,Total_SNV_Freq,2.58698476231304e-06
168,JW29-R,R,NMN,Old,Total_SNV_Freq,3.02119647414012e-06
169,JW30-LF,R,NMN,Old,Total_SNV_Freq,3.16892395371508e-06
170,YM13-MS,C,NT,Young,Total_InDel_Freq,2.5731511963793e-07
171,YM14-MS,C,NT,Young,Total_InDel_Freq,1.8481153417315e-07
172,YM3-MS,C,NT,Young,Total_InDel_Freq,8.097731711553e-08
173,YM5-MS,C,NT,Young,Total_InDel_Freq,7.84927169159e-08
174,YM7-MS,C,NT,Young,Total_InDel_Freq,3.1067575082562e-07
175,YM13-MS,RC,NT,Young,Total_InDel_Freq,1.3465072804922e-07
176,YM14-MS,RC,NT,Young,Total_InDel_Freq,1.7072413965728e-07
177,YM3-MS,RC,NT,Young,Total_InDel_Freq,1.6089378047204e-07
178,YM5-MS,RC,NT,Young,Total_InDel_Freq,2.970626142062e-07
179,YM7-MS,RC,NT,Young,Total_InDel_Freq,2.0979337560854e-07
180,YM13-MS,He,NT,Young,Total_InDel_Freq,2.8454614057265e-07
181,YM14-MS,He,NT,Young,Total_InDel_Freq,7.806193530744e-08
182,YM3-MS,He,NT,Young,Total_InDel_Freq,1.0237409591396e-07
183,YM5-MS,He,NT,Young,Total_InDel_Freq,9.601419108947e-08
184,YM7-MS,He,NT,Young,Total_InDel_Freq,1.5281594077328e-07
185,YM13-MS,Hi,NT,Young,Total_InDel_Freq,4.4276191840714e-07
186,YM14-MS,Hi,NT,Young,Total_InDel_Freq,1.8023859331618e-07
187,YM3-MS,Hi,NT,Young,Total_InDel_Freq,1.084621764566e-07
188,YM5-MS,Hi,NT,Young,Total_InDel_Freq,2.060918591902e-07
189,YM7-MS,Hi,NT,Young,Total_InDel_Freq,1.4680947276745e-07
190,YM13-MS,K,NT,Young,Total_InDel_Freq,5.1745093170574e-07
191,YM14-MS,K,NT,Young,Total_InDel_Freq,2.373486740061e-07
192,YM3-MS,K,NT,Young,Total_InDel_Freq,7.7554056925822e-07
193,YM5-MS,K,NT,Young,Total_InDel_Freq,2.4279836109269e-07
194,YM7-MS,K,NT,Young,Total_InDel_Freq,2.9807578190321e-07
195,YM13-MS,L,NT,Young,Total_InDel_Freq,5.8138419437302e-07
196,YM14-MS,L,NT,Young,Total_InDel_Freq,7.4568000590736e-07
197,YM3-MS,L,NT,Young,Total_InDel_Freq,6.1184767692622e-07
198,YM5-MS,L,NT,Young,Total_InDel_Freq,1.693586076216e-07
199,YM7-MS,L,NT,Young,Total_InDel_Freq,3.8177737585039e-07
200,YM13-MS,M,NT,Young,Total_InDel_Freq,5.8220324302379e-07
201,YM14-MS,M,NT,Young,Total_InDel_Freq,1.4399479341158e-07
202,YM3-MS,M,NT,Young,Total_InDel_Freq,5.2071821891256e-07
203,YM5-MS,M,NT,Young,Total_InDel_Freq,3.2682526189325e-07
204,YM7-MS,M,NT,Young,Total_InDel_Freq,1.3844305737833e-07
205,YM13-MS,R,NT,Young,Total_InDel_Freq,1.4798491703455e-07
206,YM14-MS,R,NT,Young,Total_InDel_Freq,4.69797428047e-07
207,YM3-MS,R,NT,Young,Total_InDel_Freq,1.3593894764359e-07
208,YM5-MS,R,NT,Young,Total_InDel_Freq,3.7206586178231e-07
209,YM7-MS,R,NT,Young,Total_InDel_Freq,2.0020222712966e-07
210,JW24-LF,C,NT,Old,Total_InDel_Freq,2.4044898007554e-07
211,JW24-NP,C,NT,Old,Total_InDel_Freq,2.4932714047387e-07
212,JW24-R,C,NT,Old,Total_InDel_Freq,7.8488240007106e-07
213,JW26-NP,C,NT,Old,Total_InDel_Freq,6.8190863157389e-07
214,OM7-MS,C,NT,Old,Total_InDel_Freq,6.6433442697259e-07
215,OM8-MS,C,NT,Old,Total_InDel_Freq,8.8624705740214e-07
216,JW24-LF,RC,NT,Old,Total_InDel_Freq,4.2329869200704e-07
217,JW24-NP,RC,NT,Old,Total_InDel_Freq,3.798324710903e-07
218,JW24-R,RC,NT,Old,Total_InDel_Freq,3.43874888257651e-06
219,JW26-NP,RC,NT,Old,Total_InDel_Freq,4.62472790970024e-06
220,OM7-MS,RC,NT,Old,Total_InDel_Freq,6.9445874573503e-07
221,OM8-MS,RC,NT,Old,Total_InDel_Freq,1.58973872788529e-06
222,JW24-LF,He,NT,Old,Total_InDel_Freq,2.6137833741001e-07
223,JW24-NP,He,NT,Old,Total_InDel_Freq,2.4217744135476e-07
224,JW24-R,He,NT,Old,Total_InDel_Freq,6.9887021585324e-07
225,JW26-NP,He,NT,Old,Total_InDel_Freq,7.2887941951283e-07
226,OM7-MS,He,NT,Old,Total_InDel_Freq,6.8996793011812e-07
227,OM8-MS,He,NT,Old,Total_InDel_Freq,7.5543143872975e-07
228,JW24-LF,Hi,NT,Old,Total_InDel_Freq,3.8434983930255e-07
229,JW24-NP,Hi,NT,Old,Total_InDel_Freq,1.00237365479332e-06
230,JW24-R,Hi,NT,Old,Total_InDel_Freq,1.36413933950703e-06
231,JW26-NP,Hi,NT,Old,Total_InDel_Freq,1.35044570749815e-06
232,OM7-MS,Hi,NT,Old,Total_InDel_Freq,4.66e-07
233,OM8-MS,Hi,NT,Old,Total_InDel_Freq,1.42412991934881e-06
234,JW24-LF,K,NT,Old,Total_InDel_Freq,8.2314478326066e-07
235,JW24-NP,K,NT,Old,Total_InDel_Freq,8.1177667668545e-07
236,JW24-R,K,NT,Old,Total_InDel_Freq,2.41373543594053e-06
237,JW26-NP,K,NT,Old,Total_InDel_Freq,2.77958718949369e-06
238,OM7-MS,K,NT,Old,Total_InDel_Freq,2.94579886050724e-06
239,OM8-MS,K,NT,Old,Total_InDel_Freq,2.43912760535982e-06
240,JW24-LF,L,NT,Old,Total_InDel_Freq,7.8679064185091e-07
241,JW24-NP,L,NT,Old,Total_InDel_Freq,5.486410934667e-07
242,JW24-R,L,NT,Old,Total_InDel_Freq,2.11485096240958e-06
243,JW26-NP,L,NT,Old,Total_InDel_Freq,2.36229056363435e-06
244,OM7-MS,L,NT,Old,Total_InDel_Freq,2.10941632151411e-06
245,OM8-MS,L,NT,Old,Total_InDel_Freq,3.11360582702324e-06
246,JW24-LF,M,NT,Old,Total_InDel_Freq,1.62374724145993e-06
247,JW24-NP,M,NT,Old,Total_InDel_Freq,4.3313199506407e-07
248,JW24-R,M,NT,Old,Total_InDel_Freq,1.50550569158881e-06
249,JW26-NP,M,NT,Old,Total_InDel_Freq,1.43676248269508e-06
250,OM7-MS,M,NT,Old,Total_InDel_Freq,1.55821466374436e-06
251,OM8-MS,M,NT,Old,Total_InDel_Freq,1.76655311921931e-06
252,JW24-LF,R,NT,Old,Total_InDel_Freq,3.83e-07
253,JW24-NP,R,NT,Old,Total_InDel_Freq,3.1357212814836e-07
254,JW24-R,R,NT,Old,Total_InDel_Freq,1.22249328107062e-06
255,JW26-NP,R,NT,Old,Total_InDel_Freq,2.64e-07
256,OM7-MS,R,NT,Old,Total_InDel_Freq,1.26369698597076e-06
257,OM8-MS,R,NT,Old,Total_InDel_Freq,8.9938815950475e-07
258,OM3-MS-P,B,perf,Old,Total_InDel_Freq,2.1034542959661e-07
259,OM4-MS-P,B,perf,Old,Total_InDel_Freq,3.2493980799523e-07
260,OM6-MS-P,B,perf,Old,Total_InDel_Freq,2.215782959982e-07
261,OM3-MS-P,C,perf,Old,Total_InDel_Freq,2.2799677374556e-07
262,OM4-MS-P,C,perf,Old,Total_InDel_Freq,2.8147490174503e-07
263,OM6-MS-P,C,perf,Old,Total_InDel_Freq,2.5383363426922e-07
264,OM3-MS-P,Hi,perf,Old,Total_InDel_Freq,5.251100459328e-07
265,OM4-MS-P,Hi,perf,Old,Total_InDel_Freq,5.266248693778e-07
266,OM6-MS-P,Hi,perf,Old,Total_InDel_Freq,2.9681094757916e-07
267,OM3-MS-P,K,perf,Old,Total_InDel_Freq,9.3117266699403e-07
268,OM4-MS-P,K,perf,Old,Total_InDel_Freq,6.8829896045836e-07
269,OM6-MS-P,K,perf,Old,Total_InDel_Freq,1.11986396788409e-06
270,OM3-MS-P,L,perf,Old,Total_InDel_Freq,6.8627277600769e-07
271,OM4-MS-P,L,perf,Old,Total_InDel_Freq,7.535387153637e-07
272,OM6-MS-P,L,perf,Old,Total_InDel_Freq,9.2772607959774e-07
273,OM3-MS-P,M,perf,Old,Total_InDel_Freq,6.6678657860147e-07
274,OM4-MS-P,M,perf,Old,Total_InDel_Freq,5.7485739347894e-07
275,OM6-MS-P,M,perf,Old,Total_InDel_Freq,4.3584242587802e-07
276,JW21-NP,C,SS31,Old,Total_InDel_Freq,2.5380477802723e-07
277,JW21-R,C,SS31,Old,Total_InDel_Freq,7.6605761128605e-07
278,JW22-LF,C,SS31,Old,Total_InDel_Freq,8.728333246212e-08
279,JW22-NP,C,SS31,Old,Total_InDel_Freq,3.9271329384767e-07
280,JW55-RB,C,SS31,Old,Total_InDel_Freq,3.4804942083002e-07
281,JW21-NP,RC,SS31,Old,Total_InDel_Freq,1.36029398921021e-06
282,JW21-R,RC,SS31,Old,Total_InDel_Freq,4.8531197903107e-07
283,JW22-LF,RC,SS31,Old,Total_InDel_Freq,4.5548207653628e-07
284,JW22-NP,RC,SS31,Old,Total_InDel_Freq,4.8359237643514e-07
285,JW55-RB,RC,SS31,Old,Total_InDel_Freq,6.7187155159677e-07
286,JW21-NP,He,SS31,Old,Total_InDel_Freq,2.7631805223519e-07
287,JW21-R,He,SS31,Old,Total_InDel_Freq,7.1353215836972e-07
288,JW22-LF,He,SS31,Old,Total_InDel_Freq,8.8284501147591e-07
289,JW22-NP,He,SS31,Old,Total_InDel_Freq,2.3269664707308e-07
290,JW55-RB,He,SS31,Old,Total_InDel_Freq,5.745726778939e-07
291,JW21-NP,Hi,SS31,Old,Total_InDel_Freq,3.2360884532157e-07
292,JW21-R,Hi,SS31,Old,Total_InDel_Freq,1.21578635041371e-06
293,JW22-LF,Hi,SS31,Old,Total_InDel_Freq,4.0809188420569e-07
294,JW22-NP,Hi,SS31,Old,Total_InDel_Freq,3.8172845134031e-07
295,JW55-RB,Hi,SS31,Old,Total_InDel_Freq,3.5604506412979e-07
296,JW21-NP,K,SS31,Old,Total_InDel_Freq,3.10230653536327e-06
297,JW21-R,K,SS31,Old,Total_InDel_Freq,1.85173606982191e-06
298,JW22-LF,K,SS31,Old,Total_InDel_Freq,8.9018009130714e-07
299,JW22-NP,K,SS31,Old,Total_InDel_Freq,7.7593589673277e-07
300,JW55-RB,K,SS31,Old,Total_InDel_Freq,5.6432258795965e-07
301,JW21-NP,L,SS31,Old,Total_InDel_Freq,2.78942436750949e-06
302,JW21-R,L,SS31,Old,Total_InDel_Freq,2.01768256332024e-06
303,JW22-LF,L,SS31,Old,Total_InDel_Freq,7.4428872861388e-07
304,JW22-NP,L,SS31,Old,Total_InDel_Freq,6.2505672534472e-07
305,JW55-RB,L,SS31,Old,Total_InDel_Freq,8.5314156530981e-07
306,JW21-NP,M,SS31,Old,Total_InDel_Freq,1.5593550545297e-06
307,JW21-R,M,SS31,Old,Total_InDel_Freq,1.61575933417789e-06
308,JW22-LF,M,SS31,Old,Total_InDel_Freq,4.409792157676e-07
309,JW22-NP,M,SS31,Old,Total_InDel_Freq,5.2003295948504e-07
310,JW55-RB,M,SS31,Old,Total_InDel_Freq,5.3722707839809e-07
311,JW21-NP,R,SS31,Old,Total_InDel_Freq,4.3773759119716e-07
312,JW21-R,R,SS31,Old,Total_InDel_Freq,1.14772723151343e-06
313,JW22-LF,R,SS31,Old,Total_InDel_Freq,3.1522856711155e-07
314,JW22-NP,R,SS31,Old,Total_InDel_Freq,2.9545270223257e-07
315,JW55-RB,R,SS31,Old,Total_InDel_Freq,3.3269896038276e-07
316,JW27-LB,C,NMN,Old,Total_InDel_Freq,7.6875666678012e-07
317,JW29-R,C,NMN,Old,Total_InDel_Freq,7.5629020745986e-07
318,JW30-LF,C,NMN,Old,Total_InDel_Freq,8.013505792162e-07
319,JW27-LB,RC,NMN,Old,Total_InDel_Freq,1.99298972671976e-06
320,JW29-R,RC,NMN,Old,Total_InDel_Freq,2.06630240178764e-06
321,JW30-LF,RC,NMN,Old,Total_InDel_Freq,4.8276054063387e-07
322,JW27-LB,He,NMN,Old,Total_InDel_Freq,2.6297615119376e-07
323,JW29-R,He,NMN,Old,Total_InDel_Freq,7.0133976282483e-07
324,JW30-LF,He,NMN,Old,Total_InDel_Freq,3.2640509018812e-07
325,JW27-LB,Hi,NMN,Old,Total_InDel_Freq,4.5170253120773e-07
326,JW29-R,Hi,NMN,Old,Total_InDel_Freq,1.13625786108639e-06
327,JW30-LF,Hi,NMN,Old,Total_InDel_Freq,3.9628932102244e-07
328,JW27-LB,K,NMN,Old,Total_InDel_Freq,3.35324295937104e-06
329,JW29-R,K,NMN,Old,Total_InDel_Freq,2.58704292951505e-06
330,JW30-LF,K,NMN,Old,Total_InDel_Freq,2.33640469401368e-06
331,JW27-LB,L,NMN,Old,Total_InDel_Freq,6.2352751342292e-07
332,JW29-R,L,NMN,Old,Total_InDel_Freq,2.2359863311152e-06
333,JW30-LF,L,NMN,Old,Total_InDel_Freq,2.51841035219304e-06
334,JW27-LB,M,NMN,Old,Total_InDel_Freq,4.7311781496259e-07
335,JW29-R,M,NMN,Old,Total_InDel_Freq,1.73115388935871e-06
336,JW30-LF,M,NMN,Old,Total_InDel_Freq,1.76941599835169e-06
337,JW27-LB,R,NMN,Old,Total_InDel_Freq,1.02982446307334e-06
338,JW29-R,R,NMN,Old,Total_InDel_Freq,8.9750493627715e-07
339,JW30-LF,R,NMN,Old,Total_InDel_Freq,1.07342673612954e-06
340,YM13-MS,C,NT,Young,A>T/T>A,4.01387459977406e-08
341,YM14-MS,C,NT,Young,A>T/T>A,2.261688050456e-08
342,YM3-MS,C,NT,Young,A>T/T>A,2.71127046392386e-08
343,YM5-MS,C,NT,Young,A>T/T>A,1.56109555063103e-08
344,YM7-MS,C,NT,Young,A>T/T>A,3.2189312816595e-08
345,YM13-MS,RC,NT,Young,A>T/T>A,0.0
346,YM14-MS,RC,NT,Young,A>T/T>A,4.63968213104683e-08
347,YM3-MS,RC,NT,Young,A>T/T>A,1.5056190077775e-08
348,YM5-MS,RC,NT,Young,A>T/T>A,6.10923916810704e-08
349,YM7-MS,RC,NT,Young,A>T/T>A,6.10804750354195e-08
350,YM13-MS,He,NT,Young,A>T/T>A,2.95034109778534e-08
351,YM14-MS,He,NT,Young,A>T/T>A,4.94867077836876e-08
352,YM3-MS,He,NT,Young,A>T/T>A,3.04609262062943e-08
353,YM5-MS,He,NT,Young,A>T/T>A,2.85769414716805e-08
354,YM7-MS,He,NT,Young,A>T/T>A,1.51007551072188e-08
355,YM13-MS,Hi,NT,Young,A>T/T>A,3.01507348299404e-08
356,YM14-MS,Hi,NT,Young,A>T/T>A,3.57663557801373e-08
357,YM3-MS,Hi,NT,Young,A>T/T>A,3.9621509978915e-08
358,YM5-MS,Hi,NT,Young,A>T/T>A,7.28177049025954e-08
359,YM7-MS,Hi,NT,Young,A>T/T>A,5.85342342883652e-08
360,YM13-MS,K,NT,Young,A>T/T>A,5.49037119974178e-08
361,YM14-MS,K,NT,Young,A>T/T>A,3.50937932950483e-08
362,YM3-MS,K,NT,Young,A>T/T>A,5.5339043852277e-08
363,YM5-MS,K,NT,Young,A>T/T>A,1.05116455156942e-08
364,YM7-MS,K,NT,Young,A>T/T>A,1.69729720949657e-08
365,YM13-MS,L,NT,Young,A>T/T>A,3.3264712113127e-08
366,YM14-MS,L,NT,Young,A>T/T>A,5.34144144202852e-08
367,YM3-MS,L,NT,Young,A>T/T>A,6.23938213145779e-08
368,YM5-MS,L,NT,Young,A>T/T>A,5.77788715532159e-08
369,YM7-MS,L,NT,Young,A>T/T>A,1.86718705916881e-08
370,YM13-MS,M,NT,Young,A>T/T>A,3.83921269725923e-08
371,YM14-MS,M,NT,Young,A>T/T>A,1.95314865140945e-08
372,YM3-MS,M,NT,Young,A>T/T>A,0.0
373,YM5-MS,M,NT,Young,A>T/T>A,1.31568423625694e-08
374,YM7-MS,M,NT,Young,A>T/T>A,1.84687628733049e-08
375,YM13-MS,R,NT,Young,A>T/T>A,2.47457252996831e-08
376,YM14-MS,R,NT,Young,A>T/T>A,4.65476097505652e-08
377,YM3-MS,R,NT,Young,A>T/T>A,0.0
378,YM5-MS,R,NT,Young,A>T/T>A,3.8958415288853e-08
379,YM7-MS,R,NT,Young,A>T/T>A,4.55914690702003e-08
380,JW24-LF,C,NT,Old,A>T/T>A,2.74151311840072e-08
381,JW24-NP,C,NT,Old,A>T/T>A,5.32008054767463e-08
382,JW24-R,C,NT,Old,A>T/T>A,6.99831957128046e-08
383,JW26-NP,C,NT,Old,A>T/T>A,2.7915340180104e-08
384,OM7-MS,C,NT,Old,A>T/T>A,5.56962706361993e-08
385,OM8-MS,C,NT,Old,A>T/T>A,2.24414769481037e-08
386,JW24-LF,RC,NT,Old,A>T/T>A,2.64411105964496e-08
387,JW24-NP,RC,NT,Old,A>T/T>A,4.77423448770451e-08
388,JW24-R,RC,NT,Old,A>T/T>A,1.48204326370321e-07
389,JW26-NP,RC,NT,Old,A>T/T>A,2.79816205150721e-08
390,OM7-MS,RC,NT,Old,A>T/T>A,1.40919766404953e-07
391,OM8-MS,RC,NT,Old,A>T/T>A,1.31064821462714e-07
392,JW24-LF,He,NT,Old,A>T/T>A,6.3251729295502e-08
393,JW24-NP,He,NT,Old,A>T/T>A,3.15823455623144e-08
394,JW24-R,He,NT,Old,A>T/T>A,3.08884618158637e-08
395,JW26-NP,He,NT,Old,A>T/T>A,6.04158771785955e-08
396,OM7-MS,He,NT,Old,A>T/T>A,6.57475941969069e-08
397,OM8-MS,He,NT,Old,A>T/T>A,7.34662787071665e-08
398,JW24-LF,Hi,NT,Old,A>T/T>A,9.98444971878548e-08
399,JW24-NP,Hi,NT,Old,A>T/T>A,8.31231671803432e-08
400,JW24-R,Hi,NT,Old,A>T/T>A,1.33555876377175e-07
401,JW26-NP,Hi,NT,Old,A>T/T>A,3.87161712452905e-08
402,OM7-MS,Hi,NT,Old,A>T/T>A,1.58307658762705e-07
403,OM8-MS,Hi,NT,Old,A>T/T>A,1.23143291627574e-07
404,JW24-LF,K,NT,Old,A>T/T>A,9.65901352036113e-08
405,JW24-NP,K,NT,Old,A>T/T>A,1.66585462423567e-07
406,JW24-R,K,NT,Old,A>T/T>A,1.6588645046661e-07
407,JW26-NP,K,NT,Old,A>T/T>A,1.12850536335967e-07
408,OM7-MS,K,NT,Old,A>T/T>A,6.2574300137349e-08
409,OM8-MS,K,NT,Old,A>T/T>A,9.41952892095354e-08
410,JW24-LF,L,NT,Old,A>T/T>A,1.39599495561876e-07
411,JW24-NP,L,NT,Old,A>T/T>A,9.72967371085159e-08
412,JW24-R,L,NT,Old,A>T/T>A,1.35527434403494e-07
413,JW26-NP,L,NT,Old,A>T/T>A,1.76608414688765e-07
414,OM7-MS,L,NT,Old,A>T/T>A,1.26770316915017e-07
415,OM8-MS,L,NT,Old,A>T/T>A,1.26436513718804e-07
416,JW24-LF,M,NT,Old,A>T/T>A,6.63790354132511e-08
417,JW24-NP,M,NT,Old,A>T/T>A,7.68311927266676e-08
418,JW24-R,M,NT,Old,A>T/T>A,3.56311471133368e-08
419,JW26-NP,M,NT,Old,A>T/T>A,6.39314920360381e-08
420,OM7-MS,M,NT,Old,A>T/T>A,5.99760102813276e-08
421,OM8-MS,M,NT,Old,A>T/T>A,9.75675023203991e-08
422,JW24-LF,R,NT,Old,A>T/T>A,1.10399857981623e-07
423,JW24-NP,R,NT,Old,A>T/T>A,2.77872501426042e-08
424,JW24-R,R,NT,Old,A>T/T>A,4.82186585783274e-08
425,JW26-NP,R,NT,Old,A>T/T>A,7.27946991482438e-08
426,OM7-MS,R,NT,Old,A>T/T>A,1.96880995518516e-08
427,OM8-MS,R,NT,Old,A>T/T>A,8.83674225527624e-08
428,OM3-MS-P,B,perf,Old,A>T/T>A,9.95934367433078e-08
429,OM4-MS-P,B,perf,Old,A>T/T>A,7.43167982420807e-08
430,OM6-MS-P,B,perf,Old,A>T/T>A,4.93620713859609e-08
431,OM3-MS-P,C,perf,Old,A>T/T>A,4.43692710674506e-08
432,OM4-MS-P,C,perf,Old,A>T/T>A,5.6237162461739e-08
433,OM6-MS-P,C,perf,Old,A>T/T>A,5.77438251784905e-08
434,OM3-MS-P,Hi,perf,Old,A>T/T>A,1.83681682582991e-07
435,OM4-MS-P,Hi,perf,Old,A>T/T>A,4.67877907746567e-08
436,OM6-MS-P,Hi,perf,Old,A>T/T>A,7.4454513351113e-08
437,OM3-MS-P,K,perf,Old,A>T/T>A,9.38653775621235e-08
438,OM4-MS-P,K,perf,Old,A>T/T>A,7.39382205353529e-08
439,OM6-MS-P,K,perf,Old,A>T/T>A,8.95545030645999e-08
440,OM3-MS-P,L,perf,Old,A>T/T>A,1.56552577168246e-07
441,OM4-MS-P,L,perf,Old,A>T/T>A,1.85653017566303e-07
442,OM6-MS-P,L,perf,Old,A>T/T>A,1.38904551020093e-07
443,OM3-MS-P,M,perf,Old,A>T/T>A,4.93101878074305e-08
444,OM4-MS-P,M,perf,Old,A>T/T>A,4.46018018313957e-08
445,OM6-MS-P,M,perf,Old,A>T/T>A,1.7402668441646e-08
446,JW21-NP,C,SS31,Old,A>T/T>A,8.22204453470422e-08
447,JW21-R,C,SS31,Old,A>T/T>A,6.25861681147089e-08
448,JW22-LF,C,SS31,Old,A>T/T>A,9.3201461342993e-08
449,JW22-NP,C,SS31,Old,A>T/T>A,6.25609291315634e-08
450,JW55-RB,C,SS31,Old,A>T/T>A,2.65202501336952e-08
451,JW21-NP,RC,SS31,Old,A>T/T>A,6.76012494333325e-08
452,JW21-R,RC,SS31,Old,A>T/T>A,1.72084074083571e-07
453,JW22-LF,RC,SS31,Old,A>T/T>A,1.29389926324858e-07
454,JW22-NP,RC,SS31,Old,A>T/T>A,1.36815935975025e-07
455,JW55-RB,RC,SS31,Old,A>T/T>A,1.53082229363296e-07
456,JW21-NP,He,SS31,Old,A>T/T>A,8.31634568520844e-08
457,JW21-R,He,SS31,Old,A>T/T>A,5.6974657535589e-08
458,JW22-LF,He,SS31,Old,A>T/T>A,7.79617827442898e-08
459,JW22-NP,He,SS31,Old,A>T/T>A,4.90860576123942e-08
460,JW55-RB,He,SS31,Old,A>T/T>A,5.69005198609309e-08
461,JW21-NP,Hi,SS31,Old,A>T/T>A,1.12069681281821e-07
462,JW21-R,Hi,SS31,Old,A>T/T>A,1.07164538825445e-07
463,JW22-LF,Hi,SS31,Old,A>T/T>A,1.03806141718922e-07
464,JW22-NP,Hi,SS31,Old,A>T/T>A,7.21757070240236e-08
465,JW55-RB,Hi,SS31,Old,A>T/T>A,7.62167973589965e-08
466,JW21-NP,K,SS31,Old,A>T/T>A,1.15453707323605e-07
467,JW21-R,K,SS31,Old,A>T/T>A,9.03239305662071e-08
468,JW22-LF,K,SS31,Old,A>T/T>A,1.31031581613976e-07
469,JW22-NP,K,SS31,Old,A>T/T>A,7.9292103360217e-08
470,JW55-RB,K,SS31,Old,A>T/T>A,9.31879619764094e-08
471,JW21-NP,L,SS31,Old,A>T/T>A,1.65788533161499e-07
472,JW21-R,L,SS31,Old,A>T/T>A,9.35718304624404e-08
473,JW22-LF,L,SS31,Old,A>T/T>A,1.576500837821e-07
474,JW22-NP,L,SS31,Old,A>T/T>A,1.0186290869332e-07
475,JW55-RB,L,SS31,Old,A>T/T>A,1.56535282835341e-07
476,JW21-NP,M,SS31,Old,A>T/T>A,3.43300205121014e-08
477,JW21-R,M,SS31,Old,A>T/T>A,3.70499053611111e-08
478,JW22-LF,M,SS31,Old,A>T/T>A,2.87624761284931e-08
479,JW22-NP,M,SS31,Old,A>T/T>A,4.85226231999714e-08
480,JW55-RB,M,SS31,Old,A>T/T>A,5.28659760190946e-08
481,JW21-NP,R,SS31,Old,A>T/T>A,0.0
482,JW21-R,R,SS31,Old,A>T/T>A,6.25446310669215e-08
483,JW22-LF,R,SS31,Old,A>T/T>A,9.84122208081082e-08
484,JW22-NP,R,SS31,Old,A>T/T>A,4.66600894604563e-08
485,JW55-RB,R,SS31,Old,A>T/T>A,2.2630227454304e-08
486,JW27-LB,C,NMN,Old,A>T/T>A,5.71103379725076e-08
487,JW29-R,C,NMN,Old,A>T/T>A,1.03235887602547e-07
488,JW30-LF,C,NMN,Old,A>T/T>A,7.42826101215553e-08
489,JW27-LB,RC,NMN,Old,A>T/T>A,1.61638419825232e-07
490,JW29-R,RC,NMN,Old,A>T/T>A,1.0417549445466e-07
491,JW30-LF,RC,NMN,Old,A>T/T>A,1.3520660583421e-07
492,JW27-LB,He,NMN,Old,A>T/T>A,6.03278407917715e-08
493,JW29-R,He,NMN,Old,A>T/T>A,2.66488678286242e-08
494,JW30-LF,He,NMN,Old,A>T/T>A,7.102483935371e-09
495,JW27-LB,Hi,NMN,Old,A>T/T>A,8.39495480006426e-08
496,JW29-R,Hi,NMN,Old,A>T/T>A,1.15595817835787e-07
497,JW30-LF,Hi,NMN,Old,A>T/T>A,1.19228689170552e-07
498,JW27-LB,K,NMN,Old,A>T/T>A,7.10323008259612e-08
499,JW29-R,K,NMN,Old,A>T/T>A,1.2721231545479e-07
500,JW30-LF,K,NMN,Old,A>T/T>A,7.78701104442678e-08
501,JW27-LB,L,NMN,Old,A>T/T>A,8.5836275616075e-08
502,JW29-R,L,NMN,Old,A>T/T>A,1.09073136119165e-07
503,JW30-LF,L,NMN,Old,A>T/T>A,1.59545406433736e-07
504,JW27-LB,M,NMN,Old,A>T/T>A,6.3090592791639e-08
505,JW29-R,M,NMN,Old,A>T/T>A,2.99500019160514e-08
506,JW30-LF,M,NMN,Old,A>T/T>A,1.20472331855763e-07
507,JW27-LB,R,NMN,Old,A>T/T>A,5.6442873589101e-08
508,JW29-R,R,NMN,Old,A>T/T>A,2.71897806448133e-08
509,JW30-LF,R,NMN,Old,A>T/T>A,1.31634842139695e-07
510,YM13-MS,C,NT,Young,A>C/T>G,0.0
511,YM14-MS,C,NT,Young,A>C/T>G,1.130844025228e-08
512,YM3-MS,C,NT,Young,A>C/T>G,6.778176159809661e-09
513,YM5-MS,C,NT,Young,A>C/T>G,0.0
514,YM7-MS,C,NT,Young,A>C/T>G,0.0
515,YM13-MS,RC,NT,Young,A>C/T>G,1.72039676512764e-08
516,YM14-MS,RC,NT,Young,A>C/T>G,7.73280355174472e-09
517,YM3-MS,RC,NT,Young,A>C/T>G,1.5056190077775e-08
518,YM5-MS,RC,NT,Young,A>C/T>G,7.6365489601338e-09
519,YM7-MS,RC,NT,Young,A>C/T>G,3.49031285916683e-08
520,YM13-MS,He,NT,Young,A>C/T>G,0.0
521,YM14-MS,He,NT,Young,A>C/T>G,8.247784630614591e-09
522,YM3-MS,He,NT,Young,A>C/T>G,5.0768210343823906e-09
523,YM5-MS,He,NT,Young,A>C/T>G,0.0
524,YM7-MS,He,NT,Young,A>C/T>G,7.550377553609421e-09
525,YM13-MS,Hi,NT,Young,A>C/T>G,7.53768370748511e-09
526,YM14-MS,Hi,NT,Young,A>C/T>G,0.0
527,YM3-MS,Hi,NT,Young,A>C/T>G,0.0
528,YM5-MS,Hi,NT,Young,A>C/T>G,0.0
529,YM7-MS,Hi,NT,Young,A>C/T>G,0.0
530,YM13-MS,K,NT,Young,A>C/T>G,1.37259279993544e-08
531,YM14-MS,K,NT,Young,A>C/T>G,8.773448323762071e-09
532,YM3-MS,K,NT,Young,A>C/T>G,6.917380481534631e-09
533,YM5-MS,K,NT,Young,A>C/T>G,0.0
534,YM7-MS,K,NT,Young,A>C/T>G,1.69729720949657e-08
535,YM13-MS,L,NT,Young,A>C/T>G,3.3264712113127e-08
536,YM14-MS,L,NT,Young,A>C/T>G,2.13657657681141e-08
537,YM3-MS,L,NT,Young,A>C/T>G,2.07979404381926e-08
538,YM5-MS,L,NT,Young,A>C/T>G,3.85192477021439e-08
539,YM7-MS,L,NT,Young,A>C/T>G,2.80078058875321e-08
540,YM13-MS,M,NT,Young,A>C/T>G,0.0
541,YM14-MS,M,NT,Young,A>C/T>G,0.0
542,YM3-MS,M,NT,Young,A>C/T>G,0.0
543,YM5-MS,M,NT,Young,A>C/T>G,1.31568423625694e-08
544,YM7-MS,M,NT,Young,A>C/T>G,0.0
545,YM13-MS,R,NT,Young,A>C/T>G,1.23728626498416e-08
546,YM14-MS,R,NT,Young,A>C/T>G,1.16369024376413e-08
547,YM3-MS,R,NT,Young,A>C/T>G,3.61633885037167e-08
548,YM5-MS,R,NT,Young,A>C/T>G,7.791683057770591e-09
549,YM7-MS,R,NT,Young,A>C/T>G,0.0
550,JW24-LF,C,NT,Old,A>C/T>G,0.0
551,JW24-NP,C,NT,Old,A>C/T>G,1.18224012170547e-08
552,JW24-R,C,NT,Old,A>C/T>G,1.55518212695121e-08
553,JW26-NP,C,NT,Old,A>C/T>G,2.7915340180104e-08
554,OM7-MS,C,NT,Old,A>C/T>G,0.0
555,OM8-MS,C,NT,Old,A>C/T>G,0.0
556,JW24-LF,RC,NT,Old,A>C/T>G,5.28822211928992e-08
557,JW24-NP,RC,NT,Old,A>C/T>G,3.18282299180301e-08
558,JW24-R,RC,NT,Old,A>C/T>G,3.70510815925803e-08
559,JW26-NP,RC,NT,Old,A>C/T>G,1.86544136767147e-08
560,OM7-MS,RC,NT,Old,A>C/T>G,4.02627904014152e-08
561,OM8-MS,RC,NT,Old,A>C/T>G,9.17453750238997e-08
562,JW24-LF,He,NT,Old,A>C/T>G,0.0
563,JW24-NP,He,NT,Old,A>C/T>G,1.26329382249258e-08
564,JW24-R,He,NT,Old,A>C/T>G,2.05923078772425e-08
565,JW26-NP,He,NT,Old,A>C/T>G,0.0
566,OM7-MS,He,NT,Old,A>C/T>G,2.8177540370103e-08
567,OM8-MS,He,NT,Old,A>C/T>G,0.0
568,JW24-LF,Hi,NT,Old,A>C/T>G,1.24805621484818e-08
569,JW24-NP,Hi,NT,Old,A>C/T>G,9.235907464482581e-09
570,JW24-R,Hi,NT,Old,A>C/T>G,3.33889690942937e-08
571,JW26-NP,Hi,NT,Old,A>C/T>G,1.29053904150969e-08
572,OM7-MS,Hi,NT,Old,A>C/T>G,0.0
573,OM8-MS,Hi,NT,Old,A>C/T>G,1.23143291627574e-08
574,JW24-LF,K,NT,Old,A>C/T>G,3.62213007013543e-08
575,JW24-NP,K,NT,Old,A>C/T>G,0.0
576,JW24-R,K,NT,Old,A>C/T>G,3.07197130493722e-08
577,JW26-NP,K,NT,Old,A>C/T>G,3.76168454453223e-08
578,OM7-MS,K,NT,Old,A>C/T>G,1.56435750343373e-08
579,OM8-MS,K,NT,Old,A>C/T>G,2.17373744329697e-08
580,JW24-LF,L,NT,Old,A>C/T>G,1.74499369452345e-07
581,JW24-NP,L,NT,Old,A>C/T>G,8.80303811934192e-08
582,JW24-R,L,NT,Old,A>C/T>G,9.59985993691412e-08
583,JW26-NP,L,NT,Old,A>C/T>G,1.62479741513664e-07
584,OM7-MS,L,NT,Old,A>C/T>G,1.35825339551804e-07
585,OM8-MS,L,NT,Old,A>C/T>G,1.54533516767427e-07
586,JW24-LF,M,NT,Old,A>C/T>G,5.106079647173161e-09
587,JW24-NP,M,NT,Old,A>C/T>G,0.0
588,JW24-R,M,NT,Old,A>C/T>G,8.90778677833421e-09
589,JW26-NP,M,NT,Old,A>C/T>G,1.59828730090095e-08
590,OM7-MS,M,NT,Old,A>C/T>G,1.71360029375222e-08
591,OM8-MS,M,NT,Old,A>C/T>G,0.0
592,JW24-LF,R,NT,Old,A>C/T>G,1.83999763302704e-08
593,JW24-NP,R,NT,Old,A>C/T>G,5.55745002852083e-08
594,JW24-R,R,NT,Old,A>C/T>G,2.89311951469965e-08
595,JW26-NP,R,NT,Old,A>C/T>G,3.63973495741219e-08
596,OM7-MS,R,NT,Old,A>C/T>G,0.0
597,OM8-MS,R,NT,Old,A>C/T>G,8.03340205025113e-09
598,OM3-MS-P,B,perf,Old,A>C/T>G,4.68674996439095e-08
599,OM4-MS-P,B,perf,Old,A>C/T>G,4.95445321613872e-08
600,OM6-MS-P,B,perf,Old,A>C/T>G,1.41034489674174e-08
601,OM3-MS-P,C,perf,Old,A>C/T>G,1.77477084269802e-08
602,OM4-MS-P,C,perf,Old,A>C/T>G,2.81185812308695e-08
603,OM6-MS-P,C,perf,Old,A>C/T>G,0.0
604,OM3-MS-P,Hi,perf,Old,A>C/T>G,4.23880805960748e-08
605,OM4-MS-P,Hi,perf,Old,A>C/T>G,2.8072674464794e-08
606,OM6-MS-P,Hi,perf,Old,A>C/T>G,8.27272370567922e-09
607,OM3-MS-P,K,perf,Old,A>C/T>G,9.38653775621235e-09
608,OM4-MS-P,K,perf,Old,A>C/T>G,1.47876441070706e-08
609,OM6-MS-P,K,perf,Old,A>C/T>G,2.98515010215333e-08
610,OM3-MS-P,L,perf,Old,A>C/T>G,8.38674520544174e-08
611,OM4-MS-P,L,perf,Old,A>C/T>G,2.49917523646946e-07
612,OM6-MS-P,L,perf,Old,A>C/T>G,1.62055309523442e-07
613,OM3-MS-P,M,perf,Old,A>C/T>G,1.40886250878373e-08
614,OM4-MS-P,M,perf,Old,A>C/T>G,1.11504504578489e-08
615,OM6-MS-P,M,perf,Old,A>C/T>G,3.48053368832921e-08
616,JW21-NP,C,SS31,Old,A>C/T>G,0.0
617,JW21-R,C,SS31,Old,A>C/T>G,0.0
618,JW22-LF,C,SS31,Old,A>C/T>G,0.0
619,JW22-NP,C,SS31,Old,A>C/T>G,2.08536430438545e-08
620,JW55-RB,C,SS31,Old,A>C/T>G,2.65202501336952e-08
621,JW21-NP,RC,SS31,Old,A>C/T>G,1.69003123583331e-08
622,JW21-R,RC,SS31,Old,A>C/T>G,0.0
623,JW22-LF,RC,SS31,Old,A>C/T>G,3.45039803532956e-08
624,JW22-NP,RC,SS31,Old,A>C/T>G,4.20972110692385e-08
625,JW55-RB,RC,SS31,Old,A>C/T>G,1.53082229363296e-07
626,JW21-NP,He,SS31,Old,A>C/T>G,2.26809427778412e-08
627,JW21-R,He,SS31,Old,A>C/T>G,3.41847945213534e-08
628,JW22-LF,He,SS31,Old,A>C/T>G,3.89808913721449e-08
629,JW22-NP,He,SS31,Old,A>C/T>G,1.47258172837183e-08
630,JW55-RB,He,SS31,Old,A>C/T>G,0.0
631,JW21-NP,Hi,SS31,Old,A>C/T>G,0.0
632,JW21-R,Hi,SS31,Old,A>C/T>G,2.14329077650889e-08
633,JW22-LF,Hi,SS31,Old,A>C/T>G,0.0
634,JW22-NP,Hi,SS31,Old,A>C/T>G,1.44351414048047e-08
635,JW55-RB,Hi,SS31,Old,A>C/T>G,1.52433594717993e-08
636,JW21-NP,K,SS31,Old,A>C/T>G,1.15453707323605e-08
637,JW21-R,K,SS31,Old,A>C/T>G,2.85233464945917e-08
638,JW22-LF,K,SS31,Old,A>C/T>G,5.45964923391567e-08
639,JW22-NP,K,SS31,Old,A>C/T>G,7.9292103360217e-08
640,JW55-RB,K,SS31,Old,A>C/T>G,6.6562829983149605e-09
641,JW21-NP,L,SS31,Old,A>C/T>G,1.45064966516312e-07
642,JW21-R,L,SS31,Old,A>C/T>G,1.78637130882841e-07
643,JW22-LF,L,SS31,Old,A>C/T>G,1.61798770197418e-07
644,JW22-NP,L,SS31,Old,A>C/T>G,1.0186290869332e-07
645,JW55-RB,L,SS31,Old,A>C/T>G,1.73928092039268e-07
646,JW21-NP,M,SS31,Old,A>C/T>G,2.57475153840761e-08
647,JW21-R,M,SS31,Old,A>C/T>G,0.0
648,JW22-LF,M,SS31,Old,A>C/T>G,2.87624761284931e-08
649,JW22-NP,M,SS31,Old,A>C/T>G,0.0
650,JW55-RB,M,SS31,Old,A>C/T>G,0.0
651,JW21-NP,R,SS31,Old,A>C/T>G,0.0
652,JW21-R,R,SS31,Old,A>C/T>G,0.0
653,JW22-LF,R,SS31,Old,A>C/T>G,0.0
654,JW22-NP,R,SS31,Old,A>C/T>G,4.66600894604563e-08
655,JW55-RB,R,SS31,Old,A>C/T>G,1.50868183028693e-08
656,JW27-LB,C,NMN,Old,A>C/T>G,0.0
657,JW29-R,C,NMN,Old,A>C/T>G,1.72059812670911e-08
658,JW30-LF,C,NMN,Old,A>C/T>G,0.0
659,JW27-LB,RC,NMN,Old,A>C/T>G,4.71445391156928e-08
660,JW29-R,RC,NMN,Old,A>C/T>G,1.0417549445466e-07
661,JW30-LF,RC,NMN,Old,A>C/T>G,6.00918248152045e-08
662,JW27-LB,He,NMN,Old,A>C/T>G,0.0
663,JW29-R,He,NMN,Old,A>C/T>G,8.882955942874742e-09
664,JW30-LF,He,NMN,Old,A>C/T>G,7.102483935371e-09
665,JW27-LB,Hi,NMN,Old,A>C/T>G,2.39855851430407e-08
666,JW29-R,Hi,NMN,Old,A>C/T>G,0.0
667,JW30-LF,Hi,NMN,Old,A>C/T>G,0.0
668,JW27-LB,K,NMN,Old,A>C/T>G,8.28710176302881e-08
669,JW29-R,K,NMN,Old,A>C/T>G,8.48082103031934e-09
670,JW30-LF,K,NMN,Old,A>C/T>G,2.33610331332803e-08
671,JW27-LB,L,NMN,Old,A>C/T>G,1.7167255123215e-07
672,JW29-R,L,NMN,Old,A>C/T>G,7.27154240794436e-08
673,JW30-LF,L,NMN,Old,A>C/T>G,1.59545406433736e-07
674,JW27-LB,M,NMN,Old,A>C/T>G,7.01006586573767e-09
675,JW29-R,M,NMN,Old,A>C/T>G,0.0
676,JW30-LF,M,NMN,Old,A>C/T>G,1.33858146506403e-08
677,JW27-LB,R,NMN,Old,A>C/T>G,1.41107183972753e-08
678,JW29-R,R,NMN,Old,A>C/T>G,0.0
679,JW30-LF,R,NMN,Old,A>C/T>G,0.0
680,YM13-MS,C,NT,Young,A>G/T>C,1.40485610992092e-07
681,YM14-MS,C,NT,Young,A>G/T>C,1.4700972327964e-07
682,YM3-MS,C,NT,Young,A>G/T>C,1.83010756314861e-07
683,YM5-MS,C,NT,Young,A>G/T>C,2.96608154619895e-07
684,YM7-MS,C,NT,Young,A>G/T>C,1.85088548695421e-07
685,YM13-MS,RC,NT,Young,A>G/T>C,1.8924364416404e-07
686,YM14-MS,RC,NT,Young,A>G/T>C,3.09312142069789e-07
687,YM3-MS,RC,NT,Young,A>G/T>C,3.16179991633275e-07
688,YM5-MS,RC,NT,Young,A>G/T>C,3.28371605285753e-07
689,YM7-MS,RC,NT,Young,A>G/T>C,2.61773464437512e-07
690,YM13-MS,He,NT,Young,A>G/T>C,1.7702046586712e-07
691,YM14-MS,He,NT,Young,A>G/T>C,1.23716769459219e-07
692,YM3-MS,He,NT,Young,A>G/T>C,1.11690062756412e-07
693,YM5-MS,He,NT,Young,A>G/T>C,1.71461648830083e-07
694,YM7-MS,He,NT,Young,A>G/T>C,2.6426321437633e-07
695,YM13-MS,Hi,NT,Young,A>G/T>C,7.53768370748511e-08
696,YM14-MS,Hi,NT,Young,A>G/T>C,1.2518224523048e-07
697,YM3-MS,Hi,NT,Young,A>G/T>C,1.05657359943773e-07
698,YM5-MS,Hi,NT,Young,A>G/T>C,1.16508327844153e-07
699,YM7-MS,Hi,NT,Young,A>G/T>C,1.90236261437187e-07
700,YM13-MS,K,NT,Young,A>G/T>C,3.63737091982893e-07
701,YM14-MS,K,NT,Young,A>G/T>C,3.33391036302959e-07
702,YM3-MS,K,NT,Young,A>G/T>C,3.45869024076731e-07
703,YM5-MS,K,NT,Young,A>G/T>C,2.31256201345272e-07
704,YM7-MS,K,NT,Young,A>G/T>C,4.07351330279177e-07
705,YM13-MS,L,NT,Young,A>G/T>C,3.16014765074707e-07
706,YM14-MS,L,NT,Young,A>G/T>C,2.99120720753597e-07
707,YM3-MS,L,NT,Young,A>G/T>C,4.88751600297527e-07
708,YM5-MS,L,NT,Young,A>G/T>C,3.08153981617151e-07
709,YM7-MS,L,NT,Young,A>G/T>C,1.86718705916881e-07
710,YM13-MS,M,NT,Young,A>G/T>C,2.87940952294442e-07
711,YM14-MS,M,NT,Young,A>G/T>C,2.53909324683229e-07
712,YM3-MS,M,NT,Young,A>G/T>C,2.46858553477448e-07
713,YM5-MS,M,NT,Young,A>G/T>C,1.90774214257257e-07
714,YM7-MS,M,NT,Young,A>G/T>C,1.10812577239829e-07
715,YM13-MS,R,NT,Young,A>G/T>C,1.11355763848574e-07
716,YM14-MS,R,NT,Young,A>G/T>C,2.32738048752826e-07
717,YM3-MS,R,NT,Young,A>G/T>C,1.0849016551115e-07
718,YM5-MS,R,NT,Young,A>G/T>C,1.324586119821e-07
719,YM7-MS,R,NT,Young,A>G/T>C,2.27957345351001e-07
720,JW24-LF,C,NT,Old,A>G/T>C,4.11226967760107e-07
721,JW24-NP,C,NT,Old,A>G/T>C,4.66984848073662e-07
722,JW24-R,C,NT,Old,A>G/T>C,5.20986012528656e-07
723,JW26-NP,C,NT,Old,A>G/T>C,3.16373855374512e-07
724,OM7-MS,C,NT,Old,A>G/T>C,3.34177623817196e-07
725,OM8-MS,C,NT,Old,A>G/T>C,4.2638806201397e-07
726,JW24-LF,RC,NT,Old,A>G/T>C,5.28822211928992e-07
727,JW24-NP,RC,NT,Old,A>G/T>C,8.11619862909766e-07
728,JW24-R,RC,NT,Old,A>G/T>C,6.81739901303477e-07
729,JW26-NP,RC,NT,Old,A>G/T>C,5.78286823978156e-07
730,OM7-MS,RC,NT,Old,A>G/T>C,1.14748952644033e-06
731,OM8-MS,RC,NT,Old,A>G/T>C,9.4366671453154e-07
732,JW24-LF,He,NT,Old,A>G/T>C,5.15049795691945e-07
733,JW24-NP,He,NT,Old,A>G/T>C,6.69545725921066e-07
734,JW24-R,He,NT,Old,A>G/T>C,5.25103850869683e-07
735,JW26-NP,He,NT,Old,A>G/T>C,6.12789611382897e-07
736,OM7-MS,He,NT,Old,A>G/T>C,6.48083428512368e-07
737,OM8-MS,He,NT,Old,A>G/T>C,4.49980957081395e-07
738,JW24-LF,Hi,NT,Old,A>G/T>C,5.24183610236238e-07
739,JW24-NP,Hi,NT,Old,A>G/T>C,5.91098077726885e-07
740,JW24-R,Hi,NT,Old,A>G/T>C,4.50751082772966e-07
741,JW26-NP,Hi,NT,Old,A>G/T>C,3.74256322037809e-07
742,OM7-MS,Hi,NT,Old,A>G/T>C,4.04564016838025e-07
743,OM8-MS,Hi,NT,Old,A>G/T>C,4.06372862370994e-07
744,JW24-LF,K,NT,Old,A>G/T>C,1.07456525414018e-06
745,JW24-NP,K,NT,Old,A>G/T>C,1.51777865763695e-06
746,JW24-R,K,NT,Old,A>G/T>C,1.1059096697774e-06
747,JW26-NP,K,NT,Old,A>G/T>C,1.02819377550548e-06
748,OM7-MS,K,NT,Old,A>G/T>C,1.345347452953e-06
749,OM8-MS,K,NT,Old,A>G/T>C,1.37670038075475e-06
750,JW24-LF,L,NT,Old,A>G/T>C,1.57049432507111e-06
751,JW24-NP,L,NT,Old,A>G/T>C,1.31582253994374e-06
752,JW24-R,L,NT,Old,A>G/T>C,1.19151202746405e-06
753,JW26-NP,L,NT,Old,A>G/T>C,1.27158058575911e-06
754,OM7-MS,L,NT,Old,A>G/T>C,1.29486823706053e-06
755,OM8-MS,L,NT,Old,A>G/T>C,1.58748067224721e-06
756,JW24-LF,M,NT,Old,A>G/T>C,5.76987000130568e-07
757,JW24-NP,M,NT,Old,A>G/T>C,5.99283303268007e-07
758,JW24-R,M,NT,Old,A>G/T>C,4.81020486030047e-07
759,JW26-NP,M,NT,Old,A>G/T>C,7.11237848900923e-07
760,OM7-MS,M,NT,Old,A>G/T>C,7.1114412190717e-07
761,OM8-MS,M,NT,Old,A>G/T>C,8.94368771270325e-07
762,JW24-LF,R,NT,Old,A>G/T>C,6.62399147889736e-07
763,JW24-NP,R,NT,Old,A>G/T>C,4.16808752139063e-07
764,JW24-R,R,NT,Old,A>G/T>C,4.33967927204947e-07
765,JW26-NP,R,NT,Old,A>G/T>C,4.18569520102402e-07
766,OM7-MS,R,NT,Old,A>G/T>C,4.72514389244439e-07
767,OM8-MS,R,NT,Old,A>G/T>C,3.61503092261301e-07
768,OM3-MS-P,B,perf,Old,A>G/T>C,1.95085967267773e-06
769,OM4-MS-P,B,perf,Old,A>G/T>C,2.37813754374658e-06
770,OM6-MS-P,B,perf,Old,A>G/T>C,2.00268975337327e-06
771,OM3-MS-P,C,perf,Old,A>G/T>C,4.17071148034035e-07
772,OM4-MS-P,C,perf,Old,A>G/T>C,5.9049020584826e-07
773,OM6-MS-P,C,perf,Old,A>G/T>C,5.00446484880251e-07
774,OM3-MS-P,Hi,perf,Old,A>G/T>C,3.24975284569906e-07
775,OM4-MS-P,Hi,perf,Old,A>G/T>C,5.14665698521223e-07
776,OM6-MS-P,Hi,perf,Old,A>G/T>C,2.39908987464697e-07
777,OM3-MS-P,K,perf,Old,A>G/T>C,1.5206191165064e-06
778,OM4-MS-P,K,perf,Old,A>G/T>C,1.06471037570908e-06
779,OM6-MS-P,K,perf,Old,A>G/T>C,1.49257505107666e-06
780,OM3-MS-P,L,perf,Old,A>G/T>C,1.54316111780128e-06
781,OM4-MS-P,L,perf,Old,A>G/T>C,1.60661265201608e-06
782,OM6-MS-P,L,perf,Old,A>G/T>C,1.66685461224112e-06
783,OM3-MS-P,M,perf,Old,A>G/T>C,9.22804943253343e-07
784,OM4-MS-P,M,perf,Old,A>G/T>C,7.52655405904802e-07
785,OM6-MS-P,M,perf,Old,A>G/T>C,5.04677384807735e-07
786,JW21-NP,C,SS31,Old,A>G/T>C,5.30695601785454e-07
787,JW21-R,C,SS31,Old,A>G/T>C,3.54654952650017e-07
788,JW22-LF,C,SS31,Old,A>G/T>C,4.19406576043468e-07
789,JW22-NP,C,SS31,Old,A>G/T>C,5.83902005227925e-07
790,JW55-RB,C,SS31,Old,A>G/T>C,3.71283501871733e-07
791,JW21-NP,RC,SS31,Old,A>G/T>C,7.94314680841657e-07
792,JW21-R,RC,SS31,Old,A>G/T>C,1.37667259266856e-06
793,JW22-LF,RC,SS31,Old,A>G/T>C,6.46949631624292e-07
794,JW22-NP,RC,SS31,Old,A>G/T>C,6.73555377107817e-07
795,JW55-RB,RC,SS31,Old,A>G/T>C,9.7589921219101e-07
796,JW21-NP,He,SS31,Old,A>G/T>C,6.12385455001713e-07
797,JW21-R,He,SS31,Old,A>G/T>C,6.03931369877243e-07
798,JW22-LF,He,SS31,Old,A>G/T>C,6.366878924117e-07
799,JW22-NP,He,SS31,Old,A>G/T>C,6.18484325916167e-07
800,JW55-RB,He,SS31,Old,A>G/T>C,4.6942928885268e-07
801,JW21-NP,Hi,SS31,Old,A>G/T>C,3.66094292187281e-07
802,JW21-R,Hi,SS31,Old,A>G/T>C,4.71523970831956e-07
803,JW22-LF,Hi,SS31,Old,A>G/T>C,4.28200334590551e-07
804,JW22-NP,Hi,SS31,Old,A>G/T>C,4.98012378465763e-07
805,JW55-RB,Hi,SS31,Old,A>G/T>C,3.76002866971049e-07
806,JW21-NP,K,SS31,Old,A>G/T>C,1.24690003909493e-06
807,JW21-R,K,SS31,Old,A>G/T>C,1.18371887952556e-06
808,JW22-LF,K,SS31,Old,A>G/T>C,1.2884772192041e-06
809,JW22-NP,K,SS31,Old,A>G/T>C,9.77935941442676e-07
810,JW55-RB,K,SS31,Old,A>G/T>C,9.51848468759039e-07
811,JW21-NP,L,SS31,Old,A>G/T>C,1.45064966516312e-06
812,JW21-R,L,SS31,Old,A>G/T>C,1.44611010714681e-06
813,JW22-LF,L,SS31,Old,A>G/T>C,1.57235215140568e-06
814,JW22-NP,L,SS31,Old,A>G/T>C,1.2871767553065e-06
815,JW55-RB,L,SS31,Old,A>G/T>C,1.66970968357697e-06
816,JW21-NP,M,SS31,Old,A>G/T>C,5.75027843577699e-07
817,JW21-R,M,SS31,Old,A>G/T>C,6.57635820159722e-07
818,JW22-LF,M,SS31,Old,A>G/T>C,6.6153695095534e-07
819,JW22-NP,M,SS31,Old,A>G/T>C,4.28616504933081e-07
820,JW55-RB,M,SS31,Old,A>G/T>C,5.8152573621004e-07
821,JW21-NP,R,SS31,Old,A>G/T>C,5.83624591185565e-07
822,JW21-R,R,SS31,Old,A>G/T>C,4.25303491255066e-07
823,JW22-LF,R,SS31,Old,A>G/T>C,3.22076359008354e-07
824,JW22-NP,R,SS31,Old,A>G/T>C,4.66600894604563e-07
825,JW55-RB,R,SS31,Old,A>G/T>C,5.58212277206165e-07
826,JW27-LB,C,NMN,Old,A>G/T>C,5.61584990062992e-07
827,JW29-R,C,NMN,Old,A>G/T>C,4.64561494211461e-07
828,JW30-LF,C,NMN,Old,A>G/T>C,3.52842398077388e-07
829,JW27-LB,RC,NMN,Old,A>G/T>C,9.56360650632625e-07
830,JW29-R,RC,NMN,Old,A>G/T>C,1.01050229621021e-06
831,JW30-LF,RC,NMN,Old,A>G/T>C,7.21101897782454e-07
832,JW27-LB,He,NMN,Old,A>G/T>C,5.02732006598096e-07
833,JW29-R,He,NMN,Old,A>G/T>C,5.86275092229733e-07
834,JW30-LF,He,NMN,Old,A>G/T>C,5.82403682700422e-07
835,JW27-LB,Hi,NMN,Old,A>G/T>C,5.51668458289937e-07
836,JW29-R,Hi,NMN,Old,A>G/T>C,4.87153803736532e-07
837,JW30-LF,Hi,NMN,Old,A>G/T>C,4.14461633783347e-07
838,JW27-LB,K,NMN,Old,A>G/T>C,1.47983960054086e-06
839,JW29-R,K,NMN,Old,A>G/T>C,1.35693136485109e-06
840,JW30-LF,K,NMN,Old,A>G/T>C,1.1914126897973e-06
841,JW27-LB,L,NMN,Old,A>G/T>C,1.38768645579321e-06
842,JW29-R,L,NMN,Old,A>G/T>C,1.42704019755908e-06
843,JW30-LF,L,NMN,Old,A>G/T>C,1.62064544430058e-06
844,JW27-LB,M,NMN,Old,A>G/T>C,4.41634149541473e-07
845,JW29-R,M,NMN,Old,A>G/T>C,6.43925041195105e-07
846,JW30-LF,M,NMN,Old,A>G/T>C,6.55904917881374e-07
847,JW27-LB,R,NMN,Old,A>G/T>C,3.52767959931881e-07
848,JW29-R,R,NMN,Old,A>G/T>C,4.75821161284232e-07
849,JW30-LF,R,NMN,Old,A>G/T>C,4.68034994274469e-07
850,YM13-MS,C,NT,Young,C>A/G>T,3.42540760466521e-07
851,YM14-MS,C,NT,Young,C>A/G>T,6.50663720053083e-07
852,YM3-MS,C,NT,Young,C>A/G>T,4.01830994590838e-07
853,YM5-MS,C,NT,Young,C>A/G>T,5.546354769255e-07
854,YM7-MS,C,NT,Young,C>A/G>T,3.89186984497515e-07
855,YM13-MS,RC,NT,Young,C>A/G>T,1.32539468020575e-06
856,YM14-MS,RC,NT,Young,C>A/G>T,3.30295133366767e-07
857,YM3-MS,RC,NT,Young,C>A/G>T,4.33210354257512e-07
858,YM5-MS,RC,NT,Young,C>A/G>T,1.20883211321664e-06
859,YM7-MS,RC,NT,Young,C>A/G>T,9.62005401269514e-07
860,YM13-MS,He,NT,Young,C>A/G>T,9.80127844311911e-07
861,YM14-MS,He,NT,Young,C>A/G>T,1.84740090576797e-06
862,YM3-MS,He,NT,Young,C>A/G>T,8.30410914049123e-07
863,YM5-MS,He,NT,Young,C>A/G>T,9.89259415913023e-07
864,YM7-MS,He,NT,Young,C>A/G>T,1.31239513020844e-06
865,YM13-MS,Hi,NT,Young,C>A/G>T,1.81218015990988e-07
866,YM14-MS,Hi,NT,Young,C>A/G>T,3.14534824707307e-07
867,YM3-MS,Hi,NT,Young,C>A/G>T,3.8512944529149e-07
868,YM5-MS,Hi,NT,Young,C>A/G>T,4.44334748617678e-07
869,YM7-MS,Hi,NT,Young,C>A/G>T,2.70611260405157e-07
870,YM13-MS,K,NT,Young,C>A/G>T,2.12096142285781e-06
871,YM14-MS,K,NT,Young,C>A/G>T,1.17580877336712e-06
872,YM3-MS,K,NT,Young,C>A/G>T,1.03569351019566e-06
873,YM5-MS,K,NT,Young,C>A/G>T,9.78042218659432e-07
874,YM7-MS,K,NT,Young,C>A/G>T,1.97037903496146e-06
875,YM13-MS,L,NT,Young,C>A/G>T,1.36548708353764e-06
876,YM14-MS,L,NT,Young,C>A/G>T,1.32840912089342e-06
877,YM3-MS,L,NT,Young,C>A/G>T,7.68518288161616e-07
878,YM5-MS,L,NT,Young,C>A/G>T,3.25280123923921e-07
879,YM7-MS,L,NT,Young,C>A/G>T,1.25112254594886e-06
880,YM13-MS,M,NT,Young,C>A/G>T,4.76438717191054e-07
881,YM14-MS,M,NT,Young,C>A/G>T,3.91209176595891e-07
882,YM3-MS,M,NT,Young,C>A/G>T,6.86541330849136e-07
883,YM5-MS,M,NT,Young,C>A/G>T,1.51791917748717e-06
884,YM7-MS,M,NT,Young,C>A/G>T,9.01655298757182e-07
885,YM13-MS,R,NT,Young,C>A/G>T,6.30657218608685e-08
886,YM14-MS,R,NT,Young,C>A/G>T,2.59983693822723e-07
887,YM3-MS,R,NT,Young,C>A/G>T,2.42642105623928e-07
888,YM5-MS,R,NT,Young,C>A/G>T,2.39156774666367e-07
889,YM7-MS,R,NT,Young,C>A/G>T,6.13933936717839e-07
890,JW24-LF,C,NT,Old,C>A/G>T,5.97750535986812e-07
891,JW24-NP,C,NT,Old,C>A/G>T,4.31931246670802e-07
892,JW24-R,C,NT,Old,C>A/G>T,6.18950090838326e-07
893,JW26-NP,C,NT,Old,C>A/G>T,5.5653736697624e-07
894,OM7-MS,C,NT,Old,C>A/G>T,3.58919182359132e-07
895,OM8-MS,C,NT,Old,C>A/G>T,3.83109388974813e-07
896,JW24-LF,RC,NT,Old,C>A/G>T,6.24407481900211e-07
897,JW24-NP,RC,NT,Old,C>A/G>T,1.34384012043818e-06
898,JW24-R,RC,NT,Old,C>A/G>T,2.28380662167662e-06
899,JW26-NP,RC,NT,Old,C>A/G>T,2.05792561519296e-06
900,OM7-MS,RC,NT,Old,C>A/G>T,8.12878350417835e-07
901,OM8-MS,RC,NT,Old,C>A/G>T,6.54846610084909e-07
902,JW24-LF,He,NT,Old,C>A/G>T,8.87920137401049e-07
903,JW24-NP,He,NT,Old,C>A/G>T,1.00464775702983e-06
904,JW24-R,He,NT,Old,C>A/G>T,1.16512891757122e-06
905,JW26-NP,He,NT,Old,C>A/G>T,9.33424252870291e-07
906,OM7-MS,He,NT,Old,C>A/G>T,4.6853559700006e-07
907,OM8-MS,He,NT,Old,C>A/G>T,1.34393594613755e-06
908,JW24-LF,Hi,NT,Old,C>A/G>T,3.16700076413394e-07
909,JW24-NP,Hi,NT,Old,C>A/G>T,7.58612767819545e-07
910,JW24-R,Hi,NT,Old,C>A/G>T,2.72782002716363e-07
911,JW26-NP,Hi,NT,Old,C>A/G>T,5.09690479154701e-07
912,OM7-MS,Hi,NT,Old,C>A/G>T,4.79961588674058e-07
913,OM8-MS,Hi,NT,Old,C>A/G>T,1.89451963044406e-07
914,JW24-LF,K,NT,Old,C>A/G>T,1.10898732197628e-06
915,JW24-NP,K,NT,Old,C>A/G>T,1.28211798546721e-06
916,JW24-R,K,NT,Old,C>A/G>T,1.46445598192861e-06
917,JW26-NP,K,NT,Old,C>A/G>T,1.34606623680006e-06
918,OM7-MS,K,NT,Old,C>A/G>T,1.59514586131431e-06
919,OM8-MS,K,NT,Old,C>A/G>T,1.63633515436618e-06
920,JW24-LF,L,NT,Old,C>A/G>T,1.79315186337617e-06
921,JW24-NP,L,NT,Old,C>A/G>T,1.87988636462903e-06
922,JW24-R,L,NT,Old,C>A/G>T,1.45651593665485e-06
923,JW26-NP,L,NT,Old,C>A/G>T,1.00065212010544e-06
924,OM7-MS,L,NT,Old,C>A/G>T,8.65865189892354e-07
925,OM8-MS,L,NT,Old,C>A/G>T,1.17738897990827e-06
926,JW24-LF,M,NT,Old,C>A/G>T,9.45046574257796e-07
927,JW24-NP,M,NT,Old,C>A/G>T,2.4315839804913e-07
928,JW24-R,M,NT,Old,C>A/G>T,2.12851254337036e-06
929,JW26-NP,M,NT,Old,C>A/G>T,1.27012421336803e-06
930,OM7-MS,M,NT,Old,C>A/G>T,7.05370627297267e-07
931,OM8-MS,M,NT,Old,C>A/G>T,8.92398817381932e-07
932,JW24-LF,R,NT,Old,C>A/G>T,4.70540819541573e-07
933,JW24-NP,R,NT,Old,C>A/G>T,3.26868603911039e-07
934,JW24-R,R,NT,Old,C>A/G>T,5.64913945827876e-07
935,JW26-NP,R,NT,Old,C>A/G>T,6.80708359971205e-07
936,OM7-MS,R,NT,Old,C>A/G>T,2.02952581211814e-07
937,OM8-MS,R,NT,Old,C>A/G>T,1.65806703291433e-07
938,OM3-MS-P,B,perf,Old,C>A/G>T,9.47263809540865e-07
939,OM4-MS-P,B,perf,Old,C>A/G>T,2.47324464552839e-07
940,OM6-MS-P,B,perf,Old,C>A/G>T,3.33951198709479e-07
941,OM3-MS-P,C,perf,Old,C>A/G>T,7.00066272443957e-07
942,OM4-MS-P,C,perf,Old,C>A/G>T,7.0489510174033e-07
943,OM6-MS-P,C,perf,Old,C>A/G>T,5.19856132414635e-07
944,OM3-MS-P,Hi,perf,Old,C>A/G>T,4.56919819806214e-07
945,OM4-MS-P,Hi,perf,Old,C>A/G>T,2.57502711664493e-07
946,OM6-MS-P,Hi,perf,Old,C>A/G>T,2.81047843603508e-07
947,OM3-MS-P,K,perf,Old,C>A/G>T,1.56787060018688e-06
948,OM4-MS-P,K,perf,Old,C>A/G>T,9.52681847033492e-07
949,OM6-MS-P,K,perf,Old,C>A/G>T,7.47057229514359e-07
950,OM3-MS-P,L,perf,Old,C>A/G>T,6.45835778169999e-07
951,OM4-MS-P,L,perf,Old,C>A/G>T,1.24243284514769e-06
952,OM6-MS-P,L,perf,Old,C>A/G>T,6.97924616464251e-07
953,OM3-MS-P,M,perf,Old,C>A/G>T,5.66257944493541e-07
954,OM4-MS-P,M,perf,Old,C>A/G>T,1.69934451089773e-07
955,OM6-MS-P,M,perf,Old,C>A/G>T,2.33142106292051e-07
956,JW21-NP,C,SS31,Old,C>A/G>T,7.85055809300929e-07
957,JW21-R,C,SS31,Old,C>A/G>T,3.57938080506216e-07
958,JW22-LF,C,SS31,Old,C>A/G>T,4.64686450107119e-07
959,JW22-NP,C,SS31,Old,C>A/G>T,6.68111757233787e-07
960,JW55-RB,C,SS31,Old,C>A/G>T,4.86097092856565e-07
961,JW21-NP,RC,SS31,Old,C>A/G>T,4.31878445220322e-07
962,JW21-R,RC,SS31,Old,C>A/G>T,2.4557438838254e-06
963,JW22-LF,RC,SS31,Old,C>A/G>T,7.00818567767462e-07
964,JW22-NP,RC,SS31,Old,C>A/G>T,1.03691028766609e-06
965,JW55-RB,RC,SS31,Old,C>A/G>T,3.85979053560062e-07
966,JW21-NP,He,SS31,Old,C>A/G>T,4.6371788207832e-07
967,JW21-R,He,SS31,Old,C>A/G>T,3.9118586273069e-07
968,JW22-LF,He,SS31,Old,C>A/G>T,6.2445268394893e-07
969,JW22-NP,He,SS31,Old,C>A/G>T,7.75820037141204e-07
970,JW55-RB,He,SS31,Old,C>A/G>T,4.76832750692618e-07
971,JW21-NP,Hi,SS31,Old,C>A/G>T,4.40944448583723e-07
972,JW21-R,Hi,SS31,Old,C>A/G>T,7.23842162886709e-07
973,JW22-LF,Hi,SS31,Old,C>A/G>T,5.05998324133551e-07
974,JW22-NP,Hi,SS31,Old,C>A/G>T,5.5214086423861e-07
975,JW55-RB,Hi,SS31,Old,C>A/G>T,6.00254304260503e-07
976,JW21-NP,K,SS31,Old,C>A/G>T,4.14239396403491e-07
977,JW21-R,K,SS31,Old,C>A/G>T,1.48494314564726e-06
978,JW22-LF,K,SS31,Old,C>A/G>T,1.15687840418357e-06
979,JW22-NP,K,SS31,Old,C>A/G>T,1.09951852083972e-06
980,JW55-RB,K,SS31,Old,C>A/G>T,1.58443207611045e-06
981,JW21-NP,L,SS31,Old,C>A/G>T,5.54880643439594e-07
982,JW21-R,L,SS31,Old,C>A/G>T,7.92892860792681e-07
983,JW22-LF,L,SS31,Old,C>A/G>T,2.07781561805764e-06
984,JW22-NP,L,SS31,Old,C>A/G>T,1.11117899934658e-06
985,JW55-RB,L,SS31,Old,C>A/G>T,3.30796783596714e-07
986,JW21-NP,M,SS31,Old,C>A/G>T,3.23895041635088e-07
987,JW21-R,M,SS31,Old,C>A/G>T,3.49691404488318e-07
988,JW22-LF,M,SS31,Old,C>A/G>T,6.25280993161699e-07
989,JW22-NP,M,SS31,Old,C>A/G>T,1.26917991236395e-06
990,JW55-RB,M,SS31,Old,C>A/G>T,4.92080126928043e-07
991,JW21-NP,R,SS31,Old,C>A/G>T,1.94564225748202e-07
992,JW21-R,R,SS31,Old,C>A/G>T,5.80432011676744e-07
993,JW22-LF,R,SS31,Old,C>A/G>T,3.33970214532447e-07
994,JW22-NP,R,SS31,Old,C>A/G>T,1.61098394630333e-07
995,JW55-RB,R,SS31,Old,C>A/G>T,2.05564737661301e-07
996,JW27-LB,C,NMN,Old,C>A/G>T,7.72453810631338e-07
997,JW29-R,C,NMN,Old,C>A/G>T,4.13567189824238e-07
998,JW30-LF,C,NMN,Old,C>A/G>T,7.50704128527703e-07
999,JW27-LB,RC,NMN,Old,C>A/G>T,1.96194359615362e-06
1000,JW29-R,RC,NMN,Old,C>A/G>T,8.09739357856536e-07
1001,JW30-LF,RC,NMN,Old,C>A/G>T,1.10037345651511e-06
1002,JW27-LB,He,NMN,Old,C>A/G>T,5.64280400092064e-07
1003,JW29-R,He,NMN,Old,C>A/G>T,3.97187654759969e-07
1004,JW30-LF,He,NMN,Old,C>A/G>T,4.34506266908027e-07
1005,JW27-LB,Hi,NMN,Old,C>A/G>T,2.83129337971208e-07
1006,JW29-R,Hi,NMN,Old,C>A/G>T,3.68223251151285e-07
1007,JW30-LF,Hi,NMN,Old,C>A/G>T,2.7893658562363e-07
1008,JW27-LB,K,NMN,Old,C>A/G>T,1.32288657269315e-06
1009,JW29-R,K,NMN,Old,C>A/G>T,6.25789941556022e-07
1010,JW30-LF,K,NMN,Old,C>A/G>T,6.36019113964422e-07
1011,JW27-LB,L,NMN,Old,C>A/G>T,5.2932856812508e-07
1012,JW29-R,L,NMN,Old,C>A/G>T,5.29624804909198e-07
1013,JW30-LF,L,NMN,Old,C>A/G>T,8.5226186470938e-07
1014,JW27-LB,M,NMN,Old,C>A/G>T,9.93925070096566e-07
1015,JW29-R,M,NMN,Old,C>A/G>T,2.82431608800795e-07
1016,JW30-LF,M,NMN,Old,C>A/G>T,5.05674158236983e-07
1017,JW27-LB,R,NMN,Old,C>A/G>T,1.44168205081578e-07
1018,JW29-R,R,NMN,Old,C>A/G>T,1.629685076862e-07
1019,JW30-LF,R,NMN,Old,C>A/G>T,4.01327611806236e-07
1020,YM13-MS,C,NT,Young,C>T/G>A,1.16463858558617e-06
1021,YM14-MS,C,NT,Young,C>T/G>A,1.18650443068503e-06
1022,YM3-MS,C,NT,Young,C>T/G>A,1.26289741157121e-06
1023,YM5-MS,C,NT,Young,C>T/G>A,1.16209338022486e-06
1024,YM7-MS,C,NT,Young,C>T/G>A,1.3065563050988e-06
1025,YM13-MS,RC,NT,Young,C>T/G>A,1.62793042242662e-06
1026,YM14-MS,RC,NT,Young,C>T/G>A,1.91571177352725e-06
1027,YM3-MS,RC,NT,Young,C>T/G>A,2.2934665813633e-06
1028,YM5-MS,RC,NT,Young,C>T/G>A,1.67178909274642e-06
1029,YM7-MS,RC,NT,Young,C>T/G>A,2.13444948406673e-06
1030,YM13-MS,He,NT,Young,C>T/G>A,9.41941045182875e-07
1031,YM14-MS,He,NT,Young,C>T/G>A,8.60240116426308e-07
1032,YM3-MS,He,NT,Young,C>T/G>A,5.88207730784795e-07
1033,YM5-MS,He,NT,Young,C>T/G>A,6.64912066433343e-07
1034,YM7-MS,He,NT,Young,C>T/G>A,1.00053886164406e-06
1035,YM13-MS,Hi,NT,Young,C>T/G>A,1.60507385592018e-06
1036,YM14-MS,Hi,NT,Young,C>T/G>A,1.96837922558766e-06
1037,YM3-MS,Hi,NT,Young,C>T/G>A,2.15219395898186e-06
1038,YM5-MS,Hi,NT,Young,C>T/G>A,1.97482110496746e-06
1039,YM7-MS,Hi,NT,Young,C>T/G>A,2.01728394120208e-06
1040,YM13-MS,K,NT,Young,C>T/G>A,2.94577975396918e-06
1041,YM14-MS,K,NT,Young,C>T/G>A,4.49486391844138e-06
1042,YM3-MS,K,NT,Young,C>T/G>A,4.09515594835985e-06
1043,YM5-MS,K,NT,Young,C>T/G>A,3.47554288416477e-06
1044,YM7-MS,K,NT,Young,C>T/G>A,3.21257451352412e-06
1045,YM13-MS,L,NT,Young,C>T/G>A,1.83487326850371e-06
1046,YM14-MS,L,NT,Young,C>T/G>A,2.07450191481986e-06
1047,YM3-MS,L,NT,Young,C>T/G>A,2.23406479116749e-06
1048,YM5-MS,L,NT,Young,C>T/G>A,2.73235304096093e-06
1049,YM7-MS,L,NT,Young,C>T/G>A,1.837091333292e-06
1050,YM13-MS,M,NT,Young,C>T/G>A,1.28145586003111e-06
1051,YM14-MS,M,NT,Young,C>T/G>A,1.17362752978767e-06
1052,YM3-MS,M,NT,Young,C>T/G>A,8.89383087690926e-07
1053,YM5-MS,M,NT,Young,C>T/G>A,1.14410326064332e-06
1054,YM7-MS,M,NT,Young,C>T/G>A,8.19686635233802e-07
1055,YM13-MS,R,NT,Young,C>T/G>A,1.66073067566954e-06
1056,YM14-MS,R,NT,Young,C>T/G>A,2.05987080490312e-06
1057,YM3-MS,R,NT,Young,C>T/G>A,2.66906316186321e-06
1058,YM5-MS,R,NT,Young,C>T/G>A,1.99297312221973e-06
1059,YM7-MS,R,NT,Young,C>T/G>A,2.14876877851244e-06
1060,JW24-LF,C,NT,Old,C>T/G>A,4.27621537282873e-06
1061,JW24-NP,C,NT,Old,C>T/G>A,2.99338398855579e-06
1062,JW24-R,C,NT,Old,C>T/G>A,4.22500714180945e-06
1063,JW26-NP,C,NT,Old,C>T/G>A,3.57774021627583e-06
1064,OM7-MS,C,NT,Old,C>T/G>A,3.70883155104436e-06
1065,OM8-MS,C,NT,Old,C>T/G>A,4.29082515651791e-06
1066,JW24-LF,RC,NT,Old,C>T/G>A,4.99525985520169e-06
1067,JW24-NP,RC,NT,Old,C>T/G>A,5.99352693715427e-06
1068,JW24-R,RC,NT,Old,C>T/G>A,6.80009836791352e-06
1069,JW26-NP,RC,NT,Old,C>T/G>A,7.90761968672571e-06
1070,OM7-MS,RC,NT,Old,C>T/G>A,9.3481010298051e-06
1071,OM8-MS,RC,NT,Old,C>T/G>A,9.41624263466921e-06
1072,JW24-LF,He,NT,Old,C>T/G>A,1.92892995366435e-06
1073,JW24-NP,He,NT,Old,C>T/G>A,2.15892390340453e-06
1074,JW24-R,He,NT,Old,C>T/G>A,2.5095084378457e-06
1075,JW26-NP,He,NT,Old,C>T/G>A,2.61960999999082e-06
1076,OM7-MS,He,NT,Old,C>T/G>A,2.14880118624166e-06
1077,OM8-MS,He,NT,Old,C>T/G>A,1.76586932457608e-06
1078,JW24-LF,Hi,NT,Old,C>T/G>A,6.48179489726081e-06
1079,JW24-NP,Hi,NT,Old,C>T/G>A,6.40079522847741e-06
1080,JW24-R,Hi,NT,Old,C>T/G>A,6.74776533035214e-06
1081,JW26-NP,Hi,NT,Old,C>T/G>A,7.06918534131955e-06
1082,OM7-MS,Hi,NT,Old,C>T/G>A,6.62946944356043e-06
1083,OM8-MS,Hi,NT,Old,C>T/G>A,6.46241696162583e-06
1084,JW24-LF,K,NT,Old,C>T/G>A,1.50419007671692e-05
1085,JW24-NP,K,NT,Old,C>T/G>A,1.34068386875398e-05
1086,JW24-R,K,NT,Old,C>T/G>A,1.13123918604051e-05
1087,JW26-NP,K,NT,Old,C>T/G>A,1.3546126890972e-05
1088,OM7-MS,K,NT,Old,C>T/G>A,1.52977103093257e-05
1089,OM8-MS,K,NT,Old,C>T/G>A,1.18165882139725e-05
1090,JW24-LF,L,NT,Old,C>T/G>A,8.94626853575721e-06
1091,JW24-NP,L,NT,Old,C>T/G>A,5.38367456763974e-06
1092,JW24-R,L,NT,Old,C>T/G>A,6.64718682500201e-06
1093,JW26-NP,L,NT,Old,C>T/G>A,6.3211926611539e-06
1094,OM7-MS,L,NT,Old,C>T/G>A,7.9319436145496e-06
1095,OM8-MS,L,NT,Old,C>T/G>A,8.7463181364614e-06
1096,JW24-LF,M,NT,Old,C>T/G>A,2.72138411661273e-06
1097,JW24-NP,M,NT,Old,C>T/G>A,2.86926909697974e-06
1098,JW24-R,M,NT,Old,C>T/G>A,3.07792101595282e-06
1099,JW26-NP,M,NT,Old,C>T/G>A,3.41431240152696e-06
1100,OM7-MS,M,NT,Old,C>T/G>A,2.80678728778704e-06
1101,OM8-MS,M,NT,Old,C>T/G>A,4.65720632821196e-06
1102,JW24-LF,R,NT,Old,C>T/G>A,7.24632862094022e-06
1103,JW24-NP,R,NT,Old,C>T/G>A,7.33119583057616e-06
1104,JW24-R,R,NT,Old,C>T/G>A,6.96173362652589e-06
1105,JW26-NP,R,NT,Old,C>T/G>A,7.95191129602726e-06
1106,OM7-MS,R,NT,Old,C>T/G>A,6.93421319140363e-06
1107,OM8-MS,R,NT,Old,C>T/G>A,6.82570928549733e-06
1108,OM3-MS-P,B,perf,Old,C>T/G>A,3.30046653640028e-06
1109,OM4-MS-P,B,perf,Old,C>T/G>A,3.99841217693757e-06
1110,OM6-MS-P,B,perf,Old,C>T/G>A,3.78080464253232e-06
1111,OM3-MS-P,C,perf,Old,C>T/G>A,2.85984519806893e-06
1112,OM4-MS-P,C,perf,Old,C>T/G>A,4.74629368505155e-06
1113,OM6-MS-P,C,perf,Old,C>T/G>A,4.35379510897257e-06
1114,OM3-MS-P,Hi,perf,Old,C>T/G>A,6.68545841611198e-06
1115,OM4-MS-P,Hi,perf,Old,C>T/G>A,7.61242391358158e-06
1116,OM6-MS-P,Hi,perf,Old,C>T/G>A,4.83402290998033e-06
1117,OM3-MS-P,K,perf,Old,C>T/G>A,1.14026952740864e-05
1118,OM4-MS-P,K,perf,Old,C>T/G>A,1.25102168860451e-05
1119,OM6-MS-P,K,perf,Old,C>T/G>A,1.82281964001503e-05
1120,OM3-MS-P,L,perf,Old,C>T/G>A,6.80027084073116e-06
1121,OM4-MS-P,L,perf,Old,C>T/G>A,7.45459707088616e-06
1122,OM6-MS-P,L,perf,Old,C>T/G>A,8.76283129560671e-06
1123,OM3-MS-P,M,perf,Old,C>T/G>A,3.14453879814498e-06
1124,OM4-MS-P,M,perf,Old,C>T/G>A,3.24763617638233e-06
1125,OM6-MS-P,M,perf,Old,C>T/G>A,3.35141777794823e-06
1126,JW21-NP,C,SS31,Old,C>T/G>A,3.96326561792243e-06
1127,JW21-R,C,SS31,Old,C>T/G>A,3.32882414870781e-06
1128,JW22-LF,C,SS31,Old,C>T/G>A,3.38188472022403e-06
1129,JW22-NP,C,SS31,Old,C>T/G>A,4.57129097054696e-06
1130,JW55-RB,C,SS31,Old,C>T/G>A,2.73981997791882e-06
1131,JW21-NP,RC,SS31,Old,C>T/G>A,7.14039029430932e-06
1132,JW21-R,RC,SS31,Old,C>T/G>A,9.10069792241178e-06
1133,JW22-LF,RC,SS31,Old,C>T/G>A,5.94235743919494e-06
1134,JW22-NP,RC,SS31,Old,C>T/G>A,6.40023936180103e-06
1135,JW55-RB,RC,SS31,Old,C>T/G>A,9.19916744318147e-06
1136,JW21-NP,He,SS31,Old,C>T/G>A,1.58436943043426e-06
1137,JW21-R,He,SS31,Old,C>T/G>A,1.97548860678999e-06
1138,JW22-LF,He,SS31,Old,C>T/G>A,2.07407498597323e-06
1139,JW22-NP,He,SS31,Old,C>T/G>A,1.88895313390902e-06
1140,JW55-RB,He,SS31,Old,C>T/G>A,1.7483867525396e-06
1141,JW21-NP,Hi,SS31,Old,C>T/G>A,5.63149052905498e-06
1142,JW21-R,Hi,SS31,Old,C>T/G>A,5.93550573567101e-06
1143,JW22-LF,Hi,SS31,Old,C>T/G>A,6.86397726650729e-06
1144,JW22-NP,Hi,SS31,Old,C>T/G>A,6.62569037086333e-06
1145,JW55-RB,Hi,SS31,Old,C>T/G>A,5.9503470161476e-06
1146,JW21-NP,K,SS31,Old,C>T/G>A,1.48337155283536e-05
1147,JW21-R,K,SS31,Old,C>T/G>A,1.04353971608948e-05
1148,JW22-LF,K,SS31,Old,C>T/G>A,1.2670572998201e-05
1149,JW22-NP,K,SS31,Old,C>T/G>A,1.25345111375729e-05
1150,JW55-RB,K,SS31,Old,C>T/G>A,8.65257233053226e-06
1151,JW21-NP,L,SS31,Old,C>T/G>A,8.32320965159391e-06
1152,JW21-R,L,SS31,Old,C>T/G>A,7.6499477865368e-06
1153,JW22-LF,L,SS31,Old,C>T/G>A,6.41845783386299e-06
1154,JW22-NP,L,SS31,Old,C>T/G>A,5.63306020502086e-06
1155,JW55-RB,L,SS31,Old,C>T/G>A,9.09691154890963e-06
1156,JW21-NP,M,SS31,Old,C>T/G>A,2.34087780090814e-06
1157,JW21-R,M,SS31,Old,C>T/G>A,2.8293213635873e-06
1158,JW22-LF,M,SS31,Old,C>T/G>A,2.65744422093722e-06
1159,JW22-NP,M,SS31,Old,C>T/G>A,2.45558722174765e-06
1160,JW55-RB,M,SS31,Old,C>T/G>A,2.68407341960751e-06
1161,JW21-NP,R,SS31,Old,C>T/G>A,9.33908283591368e-06
1162,JW21-R,R,SS31,Old,C>T/G>A,7.41663126031395e-06
1163,JW22-LF,R,SS31,Old,C>T/G>A,5.40424528970687e-06
1164,JW22-NP,R,SS31,Old,C>T/G>A,6.52448498252848e-06
1165,JW55-RB,R,SS31,Old,C>T/G>A,6.03846416880072e-06
1166,JW27-LB,C,NMN,Old,C>T/G>A,4.15810242744103e-06
1167,JW29-R,C,NMN,Old,C>T/G>A,4.25383395247788e-06
1168,JW30-LF,C,NMN,Old,C>T/G>A,3.76949307090506e-06
1169,JW27-LB,RC,NMN,Old,C>T/G>A,7.88280909168867e-06
1170,JW29-R,RC,NMN,Old,C>T/G>A,8.85315031256479e-06
1171,JW30-LF,RC,NMN,Old,C>T/G>A,6.55106057832251e-06
1172,JW27-LB,He,NMN,Old,C>T/G>A,1.5268763767197e-06
1173,JW29-R,He,NMN,Old,C>T/G>A,2.19980854943983e-06
1174,JW30-LF,He,NMN,Old,C>T/G>A,1.95527820108612e-06
1175,JW27-LB,Hi,NMN,Old,C>T/G>A,7.01756287685779e-06
1176,JW29-R,Hi,NMN,Old,C>T/G>A,6.92542960819148e-06
1177,JW30-LF,Hi,NMN,Old,C>T/G>A,6.2231714102927e-06
1178,JW27-LB,K,NMN,Old,C>T/G>A,1.57525262656076e-05
1179,JW29-R,K,NMN,Old,C>T/G>A,1.36218461696846e-05
1180,JW30-LF,K,NMN,Old,C>T/G>A,1.2150615156362e-05
1181,JW27-LB,L,NMN,Old,C>T/G>A,5.56998016004346e-06
1182,JW29-R,L,NMN,Old,C>T/G>A,7.41474726872878e-06
1183,JW30-LF,L,NMN,Old,C>T/G>A,7.64146654968241e-06
1184,JW27-LB,M,NMN,Old,C>T/G>A,2.51475017735276e-06
1185,JW29-R,M,NMN,Old,C>T/G>A,3.13242329760882e-06
1186,JW30-LF,M,NMN,Old,C>T/G>A,2.52837079118491e-06
1187,JW27-LB,R,NMN,Old,C>T/G>A,5.98298051088551e-06
1188,JW29-R,R,NMN,Old,C>T/G>A,7.03092704589035e-06
1189,JW30-LF,R,NMN,Old,C>T/G>A,6.8476523764439e-06
1190,YM13-MS,C,NT,Young,C>G/G>C,6.85081520933043e-08
1191,YM14-MS,C,NT,Young,C>G/G>C,3.25331860026541e-07
1192,YM3-MS,C,NT,Young,C>G/G>C,1.83694168955812e-07
1193,YM5-MS,C,NT,Young,C>G/G>C,5.01813050551643e-07
1194,YM7-MS,C,NT,Young,C>G/G>C,1.38995351606255e-07
1195,YM13-MS,RC,NT,Young,C>G/G>C,5.04226237034795e-07
1196,YM14-MS,RC,NT,Young,C>G/G>C,2.90659717362755e-07
1197,YM3-MS,RC,NT,Young,C>G/G>C,2.54829620151478e-07
1198,YM5-MS,RC,NT,Young,C>G/G>C,5.91556140510273e-07
1199,YM7-MS,RC,NT,Young,C>G/G>C,1.9540734713287e-07
1200,YM13-MS,He,NT,Young,C>G/G>C,8.14651714752757e-07
1201,YM14-MS,He,NT,Young,C>G/G>C,1.08587686827583e-06
1202,YM3-MS,He,NT,Young,C>G/G>C,4.5845602546462e-07
1203,YM5-MS,He,NT,Young,C>G/G>C,6.00042596537407e-07
1204,YM7-MS,He,NT,Young,C>G/G>C,9.22574794502962e-07
1205,YM13-MS,Hi,NT,Young,C>G/G>C,1.94162159990345e-07
1206,YM14-MS,Hi,NT,Young,C>G/G>C,2.02925693359553e-07
1207,YM3-MS,Hi,NT,Young,C>G/G>C,9.06186930097624e-08
1208,YM5-MS,Hi,NT,Young,C>G/G>C,1.35768950966513e-07
1209,YM7-MS,Hi,NT,Young,C>G/G>C,1.72207165712372e-07
1210,YM13-MS,K,NT,Young,C>G/G>C,1.28435997273056e-06
1211,YM14-MS,K,NT,Young,C>G/G>C,6.10229869722174e-07
1212,YM3-MS,K,NT,Young,C>G/G>C,3.92849262488008e-07
1213,YM5-MS,K,NT,Young,C>G/G>C,6.46206465899982e-07
1214,YM7-MS,K,NT,Young,C>G/G>C,5.56846249010848e-07
1215,YM13-MS,L,NT,Young,C>G/G>C,4.83610008752915e-07
1216,YM14-MS,L,NT,Young,C>G/G>C,4.18539860007516e-07
1217,YM3-MS,L,NT,Young,C>G/G>C,2.68087774940098e-07
1218,YM5-MS,L,NT,Young,C>G/G>C,1.30112049569568e-07
1219,YM7-MS,L,NT,Young,C>G/G>C,8.23523701130896e-07
1220,YM13-MS,M,NT,Young,C>G/G>C,4.76438717191054e-07
1221,YM14-MS,M,NT,Young,C>G/G>C,4.24741391732682e-07
1222,YM3-MS,M,NT,Young,C>G/G>C,7.80160603237654e-08
1223,YM5-MS,M,NT,Young,C>G/G>C,1.13277550558744e-07
1224,YM7-MS,M,NT,Young,C>G/G>C,0.0
1225,YM13-MS,R,NT,Young,C>G/G>C,1.26131443721737e-07
1226,YM14-MS,R,NT,Young,C>G/G>C,2.19986202465381e-07
1227,YM3-MS,R,NT,Young,C>G/G>C,6.06605264059821e-08
1228,YM5-MS,R,NT,Young,C>G/G>C,2.25870287184902e-07
1229,YM7-MS,R,NT,Young,C>G/G>C,3.83708710448649e-07
1230,JW24-LF,C,NT,Old,C>G/G>C,4.5980810460524e-07
1231,JW24-NP,C,NT,Old,C>G/G>C,1.50673690699117e-07
1232,JW24-R,C,NT,Old,C>G/G>C,4.17118539478003e-07
1233,JW26-NP,C,NT,Old,C>G/G>C,6.2014163748781e-07
1234,OM7-MS,C,NT,Old,C>G/G>C,2.15351509415479e-07
1235,OM8-MS,C,NT,Old,C>G/G>C,3.0648751117985e-07
1236,JW24-LF,RC,NT,Old,C>G/G>C,2.23002672107218e-08
1237,JW24-NP,RC,NT,Old,C>G/G>C,5.91289652992798e-07
1238,JW24-R,RC,NT,Old,C>G/G>C,4.61893474046956e-07
1239,JW26-NP,RC,NT,Old,C>G/G>C,5.18532438473817e-07
1240,OM7-MS,RC,NT,Old,C>G/G>C,1.01609793802229e-07
1241,OM8-MS,RC,NT,Old,C>G/G>C,4.06456516604426e-07
1242,JW24-LF,He,NT,Old,C>G/G>C,5.05195940245424e-07
1243,JW24-NP,He,NT,Old,C>G/G>C,4.70260652226729e-07
1244,JW24-R,He,NT,Old,C>G/G>C,1.79250602703264e-07
1245,JW26-NP,He,NT,Old,C>G/G>C,3.01104597700094e-07
1246,OM7-MS,He,NT,Old,C>G/G>C,2.10033198655199e-07
1247,OM8-MS,He,NT,Old,C>G/G>C,1.25017297315121e-06
1248,JW24-LF,Hi,NT,Old,C>G/G>C,4.22266768551193e-08
1249,JW24-NP,Hi,NT,Old,C>G/G>C,1.89653191954886e-07
1250,JW24-R,Hi,NT,Old,C>G/G>C,2.15354212670813e-07
1251,JW26-NP,Hi,NT,Old,C>G/G>C,2.88085923000483e-07
1252,OM7-MS,Hi,NT,Old,C>G/G>C,1.19990397168515e-07
1253,OM8-MS,Hi,NT,Old,C>G/G>C,1.47351526812315e-07
1254,JW24-LF,K,NT,Old,C>G/G>C,7.86372828310454e-07
1255,JW24-NP,K,NT,Old,C>G/G>C,8.07259472331205e-07
1256,JW24-R,K,NT,Old,C>G/G>C,8.59571989392882e-07
1257,JW26-NP,K,NT,Old,C>G/G>C,5.98251660800026e-07
1258,OM7-MS,K,NT,Old,C>G/G>C,3.92248982290403e-07
1259,OM8-MS,K,NT,Old,C>G/G>C,9.36833103644757e-07
1260,JW24-LF,L,NT,Old,C>G/G>C,5.2625109033866e-07
1261,JW24-NP,L,NT,Old,C>G/G>C,7.83952611632532e-07
1262,JW24-R,L,NT,Old,C>G/G>C,4.692131876472e-07
1263,JW26-NP,L,NT,Old,C>G/G>C,2.92873791250374e-07
1264,OM7-MS,L,NT,Old,C>G/G>C,4.79318230118982e-07
1265,OM8-MS,L,NT,Old,C>G/G>C,4.08481890988582e-07
1266,JW24-LF,M,NT,Old,C>G/G>C,2.53762506050704e-07
1267,JW24-NP,M,NT,Old,C>G/G>C,1.45895038829478e-07
1268,JW24-R,M,NT,Old,C>G/G>C,1.31692142971116e-06
1269,JW26-NP,M,NT,Old,C>G/G>C,6.14576232274853e-07
1270,OM7-MS,M,NT,Old,C>G/G>C,4.26161420658766e-07
1271,OM8-MS,M,NT,Old,C>G/G>C,5.01974334777337e-07
1272,JW24-LF,R,NT,Old,C>G/G>C,2.82324491724944e-07
1273,JW24-NP,R,NT,Old,C>G/G>C,9.33910296888683e-08
1274,JW24-R,R,NT,Old,C>G/G>C,3.32302321075221e-07
1275,JW26-NP,R,NT,Old,C>G/G>C,6.49767070881605e-07
1276,OM7-MS,R,NT,Old,C>G/G>C,2.36778011413783e-07
1277,OM8-MS,R,NT,Old,C>G/G>C,2.90161730760008e-07
1278,OM3-MS-P,B,perf,Old,C>G/G>C,4.58675107777682e-07
1279,OM4-MS-P,B,perf,Old,C>G/G>C,1.2366223227642e-07
1280,OM6-MS-P,B,perf,Old,C>G/G>C,2.02756084930755e-07
1281,OM3-MS-P,C,perf,Old,C>G/G>C,2.53215460245687e-07
1282,OM4-MS-P,C,perf,Old,C>G/G>C,7.51888108523018e-07
1283,OM6-MS-P,C,perf,Old,C>G/G>C,4.8736512413872e-07
1284,OM3-MS-P,Hi,perf,Old,C>G/G>C,1.44290469412489e-07
1285,OM4-MS-P,Hi,perf,Old,C>G/G>C,1.28751355832247e-07
1286,OM6-MS-P,Hi,perf,Old,C>G/G>C,1.8268109834228e-07
1287,OM3-MS-P,K,perf,Old,C>G/G>C,8.39365068786918e-07
1288,OM4-MS-P,K,perf,Old,C>G/G>C,4.01129198750944e-07
1289,OM6-MS-P,K,perf,Old,C>G/G>C,5.97645783611487e-07
1290,OM3-MS-P,L,perf,Old,C>G/G>C,3.98898568869705e-07
1291,OM4-MS-P,L,perf,Old,C>G/G>C,5.66935375941181e-07
1292,OM6-MS-P,L,perf,Old,C>G/G>C,3.10188718428556e-07
1293,OM3-MS-P,M,perf,Old,C>G/G>C,2.28912786071857e-07
1294,OM4-MS-P,M,perf,Old,C>G/G>C,5.66448170299244e-08
1295,OM6-MS-P,M,perf,Old,C>G/G>C,1.74856579719038e-07
1296,JW21-NP,C,SS31,Old,C>G/G>C,4.81163237958634e-07
1297,JW21-R,C,SS31,Old,C>G/G>C,2.86350464404973e-07
1298,JW22-LF,C,SS31,Old,C>G/G>C,3.09790966738079e-07
1299,JW22-NP,C,SS31,Old,C>G/G>C,3.86801543661666e-07
1300,JW55-RB,C,SS31,Old,C>G/G>C,2.65143868830853e-07
1301,JW21-NP,RC,SS31,Old,C>G/G>C,8.63756890440644e-08
1302,JW21-R,RC,SS31,Old,C>G/G>C,5.77822090311859e-07
1303,JW22-LF,RC,SS31,Old,C>G/G>C,1.31403481456399e-07
1304,JW22-NP,RC,SS31,Old,C>G/G>C,5.18455143833044e-07
1305,JW55-RB,RC,SS31,Old,C>G/G>C,1.60824605650026e-07
1306,JW21-NP,He,SS31,Old,C>G/G>C,9.01673659596734e-08
1307,JW21-R,He,SS31,Old,C>G/G>C,1.76033638228811e-07
1308,JW22-LF,He,SS31,Old,C>G/G>C,1.33811289417628e-07
1309,JW22-NP,He,SS31,Old,C>G/G>C,3.62611539098606e-07
1310,JW55-RB,He,SS31,Old,C>G/G>C,1.10038327082912e-07
1311,JW21-NP,Hi,SS31,Old,C>G/G>C,7.55904769000668e-08
1312,JW21-R,Hi,SS31,Old,C>G/G>C,2.53344757010348e-07
1313,JW22-LF,Hi,SS31,Old,C>G/G>C,6.5999781408724e-08
1314,JW22-NP,Hi,SS31,Old,C>G/G>C,2.33126142678524e-07
1315,JW55-RB,Hi,SS31,Old,C>G/G>C,1.73986754858117e-07
1316,JW21-NP,K,SS31,Old,C>G/G>C,3.15610968688374e-07
1317,JW21-R,K,SS31,Old,C>G/G>C,7.09835459732483e-07
1318,JW22-LF,K,SS31,Old,C>G/G>C,7.89615418728466e-07
1319,JW22-NP,K,SS31,Old,C>G/G>C,4.83788149169479e-07
1320,JW55-RB,K,SS31,Old,C>G/G>C,5.5061823921569e-07
1321,JW21-NP,L,SS31,Old,C>G/G>C,2.77440321719797e-07
1322,JW21-R,L,SS31,Old,C>G/G>C,3.6708002814476e-07
1323,JW22-LF,L,SS31,Old,C>G/G>C,9.60633933006101e-07
1324,JW22-NP,L,SS31,Old,C>G/G>C,6.48187749618839e-07
1325,JW55-RB,L,SS31,Old,C>G/G>C,8.26991958991784e-08
1326,JW21-NP,M,SS31,Old,C>G/G>C,1.61947520817544e-07
1327,JW21-R,M,SS31,Old,C>G/G>C,3.49691404488318e-07
1328,JW22-LF,M,SS31,Old,C>G/G>C,3.12640496580849e-07
1329,JW22-NP,M,SS31,Old,C>G/G>C,6.89771691502149e-07
1330,JW55-RB,M,SS31,Old,C>G/G>C,1.19292151982556e-07
1331,JW21-NP,R,SS31,Old,C>G/G>C,3.89128451496403e-07
1332,JW21-R,R,SS31,Old,C>G/G>C,3.86954674451163e-07
1333,JW22-LF,R,SS31,Old,C>G/G>C,1.51804642969294e-07
1334,JW22-NP,R,SS31,Old,C>G/G>C,1.61098394630333e-07
1335,JW55-RB,R,SS31,Old,C>G/G>C,2.69803718180458e-07
1336,JW27-LB,C,NMN,Old,C>G/G>C,2.95833374284342e-07
1337,JW29-R,C,NMN,Old,C>G/G>C,1.47702567794371e-07
1338,JW30-LF,C,NMN,Old,C>G/G>C,3.19448565330937e-07
1339,JW27-LB,RC,NMN,Old,C>G/G>C,2.10208242445031e-07
1340,JW29-R,RC,NMN,Old,C>G/G>C,3.59884159047349e-07
1341,JW30-LF,RC,NMN,Old,C>G/G>C,5.88571848833663e-07
1342,JW27-LB,He,NMN,Old,C>G/G>C,1.32771858845192e-07
1343,JW29-R,He,NMN,Old,C>G/G>C,2.5969962041998e-07
1344,JW30-LF,He,NMN,Old,C>G/G>C,5.18993596584588e-07
1345,JW27-LB,Hi,NMN,Old,C>G/G>C,6.06705724224016e-08
1346,JW29-R,Hi,NMN,Old,C>G/G>C,2.54923789258582e-07
1347,JW30-LF,Hi,NMN,Old,C>G/G>C,1.63514550193162e-07
1348,JW27-LB,K,NMN,Old,C>G/G>C,5.49506730195615e-07
1349,JW29-R,K,NMN,Old,C>G/G>C,3.34724852460198e-07
1350,JW30-LF,K,NMN,Old,C>G/G>C,2.12006371321474e-07
1351,JW27-LB,L,NMN,Old,C>G/G>C,3.60905841903464e-07
1352,JW29-R,L,NMN,Old,C>G/G>C,1.7134920158827e-07
1353,JW30-LF,L,NMN,Old,C>G/G>C,3.17792559722142e-07
1354,JW27-LB,M,NMN,Old,C>G/G>C,2.27525016046202e-07
1355,JW29-R,M,NMN,Old,C>G/G>C,1.54053604800434e-07
1356,JW30-LF,M,NMN,Old,C>G/G>C,6.89555670323158e-08
1357,JW27-LB,R,NMN,Old,C>G/G>C,1.44168205081578e-07
1358,JW29-R,R,NMN,Old,C>G/G>C,1.39687292302457e-07
1359,JW30-LF,R,NMN,Old,C>G/G>C,3.26078684592566e-07
